Date,Close,High,Low,Open,Volume,Asset,Downloaded_At
,GC=F,GC=F,GC=F,GC=F,GC=F,,
2016-04-04,1218.0,1222.300048828125,1215.0,1221.699951171875,2038,Gold,2026-04-04 21:52:15.035739
2016-04-05,1228.4000244140625,1236.699951171875,1215.4000244140625,1215.4000244140625,477,Gold,2026-04-04 21:52:15.035739
2016-04-06,1222.5,1230.4000244140625,1217.5999755859375,1230.4000244140625,248,Gold,2026-04-04 21:52:15.035739
2016-04-07,1236.199951171875,1242.9000244140625,1224.5999755859375,1224.800048828125,375,Gold,2026-04-04 21:52:15.035739
2016-04-08,1242.5,1242.800048828125,1232.0,1241.0,409,Gold,2026-04-04 21:52:15.035739
2016-04-11,1256.699951171875,1258.699951171875,1241.5,1241.5,437,Gold,2026-04-04 21:52:15.035739
2016-04-12,1259.4000244140625,1261.699951171875,1253.699951171875,1260.0,185,Gold,2026-04-04 21:52:15.035739
2016-04-13,1246.800048828125,1256.9000244140625,1241.300048828125,1256.5,203,Gold,2026-04-04 21:52:15.035739
2016-04-14,1225.0,1243.699951171875,1224.5,1231.4000244140625,264,Gold,2026-04-04 21:52:15.035739
2016-04-15,1233.0999755859375,1235.0,1225.699951171875,1225.699951171875,97,Gold,2026-04-04 21:52:15.035739
2016-04-18,1233.5999755859375,1241.0999755859375,1232.199951171875,1238.699951171875,304,Gold,2026-04-04 21:52:15.035739
2016-04-19,1253.0,1256.199951171875,1228.800048828125,1231.5999755859375,386,Gold,2026-04-04 21:52:15.035739
2016-04-20,1253.199951171875,1256.0999755859375,1243.0,1256.0999755859375,180,Gold,2026-04-04 21:52:15.035739
2016-04-21,1249.0,1270.5999755859375,1247.5999755859375,1247.699951171875,124,Gold,2026-04-04 21:52:15.035739
2016-04-22,1228.699951171875,1248.5,1228.0,1248.5,188,Gold,2026-04-04 21:52:15.035739
2016-04-25,1238.9000244140625,1240.9000244140625,1231.5999755859375,1231.5999755859375,442,Gold,2026-04-04 21:52:15.035739
2016-04-26,1242.199951171875,1244.199951171875,1233.0,1239.800048828125,97,Gold,2026-04-04 21:52:15.035739
2016-04-27,1249.199951171875,1249.5,1248.5999755859375,1248.5999755859375,547,Gold,2026-04-04 21:52:15.035739
2016-04-28,1265.5,1270.0999755859375,1238.5,1245.9000244140625,887,Gold,2026-04-04 21:52:15.035739
2016-04-29,1289.199951171875,1295.5,1267.199951171875,1267.300048828125,464,Gold,2026-04-04 21:52:15.035739
2016-05-02,1294.699951171875,1304.4000244140625,1290.4000244140625,1292.0999755859375,192,Gold,2026-04-04 21:52:15.035739
2016-05-03,1290.699951171875,1301.5,1284.5,1292.699951171875,151,Gold,2026-04-04 21:52:15.035739
2016-05-04,1273.300048828125,1290.0,1273.0,1286.9000244140625,109,Gold,2026-04-04 21:52:15.035739
2016-05-05,1271.4000244140625,1286.0,1270.800048828125,1282.9000244140625,330,Gold,2026-04-04 21:52:15.035739
2016-05-06,1292.9000244140625,1295.5999755859375,1276.9000244140625,1278.5999755859375,305,Gold,2026-04-04 21:52:15.035739
2016-05-09,1265.5999755859375,1286.5,1262.300048828125,1286.5,341,Gold,2026-04-04 21:52:15.035739
2016-05-10,1263.9000244140625,1267.4000244140625,1258.699951171875,1265.0999755859375,23,Gold,2026-04-04 21:52:15.035739
2016-05-11,1274.5999755859375,1279.199951171875,1266.9000244140625,1266.9000244140625,50,Gold,2026-04-04 21:52:15.035739
2016-05-12,1270.300048828125,1281.199951171875,1264.0,1267.0,101,Gold,2026-04-04 21:52:15.035739
2016-05-13,1271.9000244140625,1275.699951171875,1264.5999755859375,1271.4000244140625,66,Gold,2026-04-04 21:52:15.035739
2016-05-16,1273.4000244140625,1287.800048828125,1272.800048828125,1272.800048828125,44,Gold,2026-04-04 21:52:15.035739
2016-05-17,1276.199951171875,1281.5999755859375,1270.800048828125,1272.5,16,Gold,2026-04-04 21:52:15.035739
2016-05-18,1273.699951171875,1276.4000244140625,1256.800048828125,1276.4000244140625,17,Gold,2026-04-04 21:52:15.035739
2016-05-19,1254.199951171875,1255.5,1247.5,1248.0,69,Gold,2026-04-04 21:52:15.035739
2016-05-20,1252.4000244140625,1256.5999755859375,1252.4000244140625,1256.5999755859375,44,Gold,2026-04-04 21:52:15.035739
2016-05-23,1251.0999755859375,1251.5999755859375,1247.5,1251.5999755859375,56,Gold,2026-04-04 21:52:15.035739
2016-05-24,1228.9000244140625,1240.0,1228.199951171875,1240.0,20,Gold,2026-04-04 21:52:15.035739
2016-05-25,1223.5,1223.5,1218.5999755859375,1219.300048828125,5,Gold,2026-04-04 21:52:15.035739
2016-05-26,1220.0999755859375,1232.5999755859375,1220.0999755859375,1232.5999755859375,199778,Gold,2026-04-04 21:52:15.035739
2016-05-27,1213.800048828125,1223.199951171875,1206.4000244140625,1220.300048828125,63739,Gold,2026-04-04 21:52:15.035739
2016-05-31,1214.800048828125,1217.5999755859375,1199.0,1212.5,6432,Gold,2026-04-04 21:52:15.035739
2016-06-01,1211.9000244140625,1219.800048828125,1205.4000244140625,1215.699951171875,2717,Gold,2026-04-04 21:52:15.035739
2016-06-02,1209.800048828125,1217.0,1209.5999755859375,1212.4000244140625,1627,Gold,2026-04-04 21:52:15.035739
2016-06-03,1240.0999755859375,1244.5,1206.4000244140625,1209.0999755859375,1622,Gold,2026-04-04 21:52:15.035739
2016-06-06,1244.5999755859375,1247.300048828125,1240.0,1244.4000244140625,1135,Gold,2026-04-04 21:52:15.035739
2016-06-07,1244.4000244140625,1244.9000244140625,1236.5,1244.0,281,Gold,2026-04-04 21:52:15.035739
2016-06-08,1259.800048828125,1264.0,1247.300048828125,1247.5999755859375,406,Gold,2026-04-04 21:52:15.035739
2016-06-09,1270.199951171875,1271.4000244140625,1258.0999755859375,1262.5,381,Gold,2026-04-04 21:52:15.035739
2016-06-10,1273.4000244140625,1278.0,1265.300048828125,1267.5999755859375,397,Gold,2026-04-04 21:52:15.035739
2016-06-13,1284.4000244140625,1287.300048828125,1273.0,1276.199951171875,328,Gold,2026-04-04 21:52:15.035739
2016-06-14,1285.5999755859375,1289.699951171875,1277.800048828125,1281.800048828125,554,Gold,2026-04-04 21:52:15.035739
2016-06-15,1285.800048828125,1296.199951171875,1278.800048828125,1284.5999755859375,162,Gold,2026-04-04 21:52:15.035739
2016-06-16,1296.0999755859375,1316.4000244140625,1281.0999755859375,1296.300048828125,251,Gold,2026-04-04 21:52:15.035739
2016-06-17,1292.5,1300.0999755859375,1280.300048828125,1280.300048828125,129,Gold,2026-04-04 21:52:15.035739
2016-06-20,1290.0,1291.199951171875,1280.300048828125,1288.9000244140625,153,Gold,2026-04-04 21:52:15.035739
2016-06-21,1270.5,1293.9000244140625,1266.300048828125,1293.9000244140625,134,Gold,2026-04-04 21:52:15.035739
2016-06-22,1268.0,1269.199951171875,1264.9000244140625,1267.0,53,Gold,2026-04-04 21:52:15.035739
2016-06-23,1261.199951171875,1270.5,1255.199951171875,1263.4000244140625,218,Gold,2026-04-04 21:52:15.035739
2016-06-24,1320.0,1355.5999755859375,1253.699951171875,1253.699951171875,694,Gold,2026-04-04 21:52:15.035739
2016-06-27,1322.5,1331.699951171875,1320.0,1330.0,92,Gold,2026-04-04 21:52:15.035739
2016-06-28,1315.300048828125,1315.5999755859375,1314.0999755859375,1314.800048828125,1072,Gold,2026-04-04 21:52:15.035739
2016-06-29,1323.9000244140625,1327.4000244140625,1311.5999755859375,1311.5999755859375,414,Gold,2026-04-04 21:52:15.035739
2016-06-30,1318.4000244140625,1323.5,1314.5,1315.800048828125,560,Gold,2026-04-04 21:52:15.035739
2016-07-01,1336.699951171875,1344.199951171875,1321.9000244140625,1324.5,137,Gold,2026-04-04 21:52:15.035739
2016-07-05,1356.4000244140625,1356.800048828125,1339.699951171875,1342.199951171875,90,Gold,2026-04-04 21:52:15.035739
2016-07-06,1364.9000244140625,1374.9000244140625,1359.0,1359.0,130,Gold,2026-04-04 21:52:15.035739
2016-07-07,1360.0999755859375,1368.5999755859375,1350.5,1366.800048828125,207,Gold,2026-04-04 21:52:15.035739
2016-07-08,1356.5999755859375,1365.800048828125,1335.0,1361.300048828125,249,Gold,2026-04-04 21:52:15.035739
2016-07-11,1355.0,1371.800048828125,1353.0,1371.699951171875,26,Gold,2026-04-04 21:52:15.035739
2016-07-12,1334.0999755859375,1356.0,1330.300048828125,1353.5999755859375,252,Gold,2026-04-04 21:52:15.035739
2016-07-13,1342.4000244140625,1342.4000244140625,1336.699951171875,1341.5,7,Gold,2026-04-04 21:52:15.035739
2016-07-14,1331.300048828125,1341.4000244140625,1322.699951171875,1341.4000244140625,20,Gold,2026-04-04 21:52:15.035739
2016-07-15,1326.5,1333.699951171875,1322.9000244140625,1333.699951171875,52,Gold,2026-04-04 21:52:15.035739
2016-07-18,1328.4000244140625,1335.0,1326.199951171875,1327.5,54,Gold,2026-04-04 21:52:15.035739
2016-07-19,1331.5,1333.199951171875,1326.4000244140625,1328.5,322,Gold,2026-04-04 21:52:15.035739
2016-07-20,1318.800048828125,1337.5,1315.5,1331.0,751,Gold,2026-04-04 21:52:15.035739
2016-07-21,1330.5,1330.5,1312.800048828125,1312.800048828125,318,Gold,2026-04-04 21:52:15.035739
2016-07-22,1323.0999755859375,1330.699951171875,1320.4000244140625,1330.699951171875,55,Gold,2026-04-04 21:52:15.035739
2016-07-25,1319.300048828125,1319.300048828125,1313.800048828125,1315.699951171875,548,Gold,2026-04-04 21:52:15.035739
2016-07-26,1320.699951171875,1320.699951171875,1315.199951171875,1315.199951171875,63,Gold,2026-04-04 21:52:15.035739
2016-07-27,1326.5999755859375,1326.5999755859375,1326.0,1326.0,215388,Gold,2026-04-04 21:52:15.035739
2016-07-28,1332.300048828125,1344.300048828125,1330.0999755859375,1339.5,56908,Gold,2026-04-04 21:52:15.035739
2016-07-29,1349.0,1353.300048828125,1325.800048828125,1333.199951171875,6076,Gold,2026-04-04 21:52:15.035739
2016-08-01,1351.4000244140625,1353.5,1345.5999755859375,1348.800048828125,1257,Gold,2026-04-04 21:52:15.035739
2016-08-02,1364.4000244140625,1366.0,1346.5999755859375,1352.0999755859375,2941,Gold,2026-04-04 21:52:15.035739
2016-08-03,1356.0999755859375,1364.699951171875,1353.300048828125,1362.4000244140625,715,Gold,2026-04-04 21:52:15.035739
2016-08-04,1358.800048828125,1361.5999755859375,1347.0,1354.4000244140625,381,Gold,2026-04-04 21:52:15.035739
2016-08-05,1336.4000244140625,1360.800048828125,1333.699951171875,1357.5999755859375,1107,Gold,2026-04-04 21:52:15.035739
2016-08-08,1333.4000244140625,1335.4000244140625,1327.800048828125,1330.0,587,Gold,2026-04-04 21:52:15.035739
2016-08-09,1339.0,1339.4000244140625,1328.5,1331.800048828125,620,Gold,2026-04-04 21:52:15.035739
2016-08-10,1344.300048828125,1354.199951171875,1344.300048828125,1344.800048828125,110,Gold,2026-04-04 21:52:15.035739
2016-08-11,1342.5,1350.4000244140625,1334.800048828125,1341.5999755859375,666,Gold,2026-04-04 21:52:15.035739
2016-08-12,1335.800048828125,1351.800048828125,1333.199951171875,1336.800048828125,113,Gold,2026-04-04 21:52:15.035739
2016-08-15,1340.300048828125,1340.5999755859375,1333.5999755859375,1336.5,62,Gold,2026-04-04 21:52:15.035739
2016-08-16,1350.5,1355.0,1341.0,1342.199951171875,338,Gold,2026-04-04 21:52:15.035739
2016-08-17,1342.699951171875,1347.300048828125,1338.5999755859375,1345.5,135,Gold,2026-04-04 21:52:15.035739
2016-08-18,1351.199951171875,1354.4000244140625,1348.199951171875,1351.300048828125,140,Gold,2026-04-04 21:52:15.035739
2016-08-19,1340.4000244140625,1350.0999755859375,1338.5999755859375,1350.0999755859375,197,Gold,2026-04-04 21:52:15.035739
2016-08-22,1337.699951171875,1337.699951171875,1333.300048828125,1334.4000244140625,117,Gold,2026-04-04 21:52:15.035739
2016-08-23,1340.5999755859375,1341.199951171875,1334.300048828125,1337.0,551,Gold,2026-04-04 21:52:15.035739
2016-08-24,1324.4000244140625,1337.199951171875,1322.9000244140625,1337.199951171875,262,Gold,2026-04-04 21:52:15.035739
2016-08-25,1320.0999755859375,1324.0,1317.0,1321.4000244140625,58,Gold,2026-04-04 21:52:15.035739
2016-08-26,1321.5,1340.5,1320.0999755859375,1323.800048828125,141,Gold,2026-04-04 21:52:15.035739
2016-08-29,1322.9000244140625,1323.0,1315.0,1315.0,437,Gold,2026-04-04 21:52:15.035739
2016-08-30,1311.699951171875,1322.0999755859375,1308.0,1322.0,705,Gold,2026-04-04 21:52:15.035739
2016-08-31,1306.9000244140625,1313.699951171875,1306.300048828125,1310.300048828125,214,Gold,2026-04-04 21:52:15.035739
2016-09-01,1312.199951171875,1313.0999755859375,1301.5,1305.300048828125,225,Gold,2026-04-04 21:52:15.035739
2016-09-02,1322.0999755859375,1326.699951171875,1309.199951171875,1309.5999755859375,55,Gold,2026-04-04 21:52:15.035739
2016-09-06,1349.4000244140625,1349.4000244140625,1323.199951171875,1323.300048828125,46,Gold,2026-04-04 21:52:15.035739
2016-09-07,1344.300048828125,1350.5,1343.9000244140625,1348.4000244140625,14,Gold,2026-04-04 21:52:15.035739
2016-09-08,1336.800048828125,1345.4000244140625,1335.699951171875,1344.800048828125,30,Gold,2026-04-04 21:52:15.035739
2016-09-09,1330.0999755859375,1338.5,1328.0,1338.5,35,Gold,2026-04-04 21:52:15.035739
2016-09-12,1321.0,1329.300048828125,1319.9000244140625,1327.0,177,Gold,2026-04-04 21:52:15.035739
2016-09-13,1319.0,1324.5999755859375,1315.0,1324.5999755859375,79,Gold,2026-04-04 21:52:15.035739
2016-09-14,1321.5,1322.300048828125,1319.199951171875,1319.199951171875,73,Gold,2026-04-04 21:52:15.035739
2016-09-15,1313.5,1320.699951171875,1310.800048828125,1320.699951171875,37,Gold,2026-04-04 21:52:15.035739
2016-09-16,1305.800048828125,1312.5999755859375,1305.800048828125,1312.199951171875,4,Gold,2026-04-04 21:52:15.035739
2016-09-19,1313.5,1313.5,1313.5,1313.5,20,Gold,2026-04-04 21:52:15.035739
2016-09-20,1313.699951171875,1313.699951171875,1313.699951171875,1313.699951171875,97,Gold,2026-04-04 21:52:15.035739
2016-09-21,1326.9000244140625,1326.9000244140625,1324.0,1326.300048828125,76,Gold,2026-04-04 21:52:15.035739
2016-09-22,1340.4000244140625,1340.4000244140625,1338.199951171875,1338.5999755859375,23,Gold,2026-04-04 21:52:15.035739
2016-09-23,1337.199951171875,1337.199951171875,1337.199951171875,1337.199951171875,40,Gold,2026-04-04 21:52:15.035739
2016-09-26,1339.699951171875,1341.800048828125,1335.199951171875,1335.199951171875,24,Gold,2026-04-04 21:52:15.035739
2016-09-27,1325.9000244140625,1328.699951171875,1325.9000244140625,1328.0,48,Gold,2026-04-04 21:52:15.035739
2016-09-28,1319.4000244140625,1319.4000244140625,1319.4000244140625,1319.4000244140625,10551,Gold,2026-04-04 21:52:15.035739
2016-09-29,1321.699951171875,1325.0,1314.699951171875,1321.199951171875,6108,Gold,2026-04-04 21:52:15.035739
2016-09-30,1313.300048828125,1327.699951171875,1312.9000244140625,1320.5999755859375,868,Gold,2026-04-04 21:52:15.035739
2016-10-03,1309.0,1316.800048828125,1308.199951171875,1313.5,299,Gold,2026-04-04 21:52:15.035739
2016-10-04,1266.300048828125,1310.199951171875,1266.300048828125,1307.5999755859375,1893,Gold,2026-04-04 21:52:15.035739
2016-10-05,1265.199951171875,1274.0,1261.300048828125,1272.0999755859375,246,Gold,2026-04-04 21:52:15.035739
2016-10-06,1249.800048828125,1265.300048828125,1249.800048828125,1265.300048828125,114,Gold,2026-04-04 21:52:15.035739
2016-10-07,1248.9000244140625,1263.5999755859375,1248.9000244140625,1253.9000244140625,169,Gold,2026-04-04 21:52:15.035739
2016-10-11,1253.0,1258.9000244140625,1253.0,1258.9000244140625,26,Gold,2026-04-04 21:52:15.035739
2016-10-12,1251.0999755859375,1254.0,1251.0999755859375,1251.699951171875,127,Gold,2026-04-04 21:52:15.035739
2016-10-13,1255.0,1259.0,1255.0,1258.699951171875,315,Gold,2026-04-04 21:52:15.035739
2016-10-14,1253.0999755859375,1253.9000244140625,1250.5999755859375,1253.9000244140625,311,Gold,2026-04-04 21:52:15.035739
2016-10-17,1254.4000244140625,1255.0,1249.9000244140625,1249.9000244140625,41,Gold,2026-04-04 21:52:15.035739
2016-10-18,1260.800048828125,1261.699951171875,1260.800048828125,1260.9000244140625,11,Gold,2026-04-04 21:52:15.035739
2016-10-19,1267.9000244140625,1271.5,1262.9000244140625,1262.9000244140625,219,Gold,2026-04-04 21:52:15.035739
2016-10-20,1265.5999755859375,1270.5,1265.5,1270.0,415,Gold,2026-04-04 21:52:15.035739
2016-10-21,1265.9000244140625,1265.9000244140625,1265.9000244140625,1265.9000244140625,224,Gold,2026-04-04 21:52:15.035739
2016-10-24,1262.0,1269.199951171875,1261.800048828125,1269.199951171875,42,Gold,2026-04-04 21:52:15.035739
2016-10-25,1271.9000244140625,1274.0999755859375,1264.0999755859375,1264.0999755859375,61,Gold,2026-04-04 21:52:15.035739
2016-10-26,1264.800048828125,1274.0,1264.800048828125,1274.0,279,Gold,2026-04-04 21:52:15.035739
2016-10-27,1267.9000244140625,1269.4000244140625,1267.9000244140625,1269.4000244140625,338,Gold,2026-04-04 21:52:15.035739
2016-10-28,1275.5,1281.5,1262.0,1270.300048828125,560,Gold,2026-04-04 21:52:15.035739
2016-10-31,1271.5,1276.5999755859375,1271.5,1276.5999755859375,58,Gold,2026-04-04 21:52:15.035739
2016-11-01,1286.4000244140625,1290.699951171875,1279.0,1279.300048828125,49,Gold,2026-04-04 21:52:15.035739
2016-11-02,1306.800048828125,1307.0,1288.300048828125,1288.300048828125,30,Gold,2026-04-04 21:52:15.035739
2016-11-03,1302.0999755859375,1303.0999755859375,1287.300048828125,1296.4000244140625,73,Gold,2026-04-04 21:52:15.035739
2016-11-04,1303.300048828125,1303.300048828125,1296.699951171875,1300.0,11,Gold,2026-04-04 21:52:15.035739
2016-11-07,1278.300048828125,1294.5,1278.300048828125,1292.0,34,Gold,2026-04-04 21:52:15.035739
2016-11-08,1273.4000244140625,1289.4000244140625,1273.199951171875,1284.0999755859375,50,Gold,2026-04-04 21:52:15.035739
2016-11-09,1272.5999755859375,1318.5999755859375,1270.0,1272.199951171875,108,Gold,2026-04-04 21:52:15.035739
2016-11-10,1265.5,1287.5,1253.300048828125,1274.4000244140625,63,Gold,2026-04-04 21:52:15.035739
2016-11-14,1221.199951171875,1229.5,1210.4000244140625,1227.800048828125,216,Gold,2026-04-04 21:52:15.035739
2016-11-15,1224.0,1226.0,1222.5,1224.300048828125,20,Gold,2026-04-04 21:52:15.035739
2016-11-16,1223.4000244140625,1229.300048828125,1223.0,1229.300048828125,66,Gold,2026-04-04 21:52:15.035739
2016-11-17,1216.5,1225.0,1211.0,1224.5999755859375,1139,Gold,2026-04-04 21:52:15.035739
2016-11-18,1208.5,1211.9000244140625,1207.199951171875,1211.9000244140625,607,Gold,2026-04-04 21:52:15.035739
2016-11-21,1209.5999755859375,1209.5999755859375,1209.5999755859375,1209.5999755859375,19,Gold,2026-04-04 21:52:15.035739
2016-11-22,1211.0,1211.0999755859375,1207.5999755859375,1210.4000244140625,19,Gold,2026-04-04 21:52:15.035739
2016-11-23,1189.0999755859375,1213.800048828125,1186.800048828125,1212.800048828125,309,Gold,2026-04-04 21:52:15.035739
2016-11-25,1178.199951171875,1189.300048828125,1177.0,1177.0,14,Gold,2026-04-04 21:52:15.035739
2016-11-28,1190.5999755859375,1190.5999755859375,1188.0,1188.0,189914,Gold,2026-04-04 21:52:15.035739
2016-11-29,1187.9000244140625,1194.800048828125,1179.4000244140625,1193.199951171875,42124,Gold,2026-04-04 21:52:15.035739
2016-11-30,1170.800048828125,1193.300048828125,1167.9000244140625,1187.0999755859375,7158,Gold,2026-04-04 21:52:15.035739
2016-12-01,1166.9000244140625,1174.5999755859375,1160.0,1172.699951171875,1588,Gold,2026-04-04 21:52:15.035739
2016-12-02,1175.0999755859375,1177.300048828125,1166.4000244140625,1172.300048828125,1521,Gold,2026-04-04 21:52:15.035739
2016-12-05,1174.0,1186.699951171875,1157.0,1181.800048828125,358,Gold,2026-04-04 21:52:15.035739
2016-12-06,1167.5999755859375,1174.5,1167.0999755859375,1170.9000244140625,652,Gold,2026-04-04 21:52:15.035739
2016-12-07,1175.0,1178.5,1166.4000244140625,1167.699951171875,182,Gold,2026-04-04 21:52:15.035739
2016-12-08,1169.800048828125,1177.800048828125,1169.0999755859375,1173.800048828125,322,Gold,2026-04-04 21:52:15.035739
2016-12-09,1159.4000244140625,1168.800048828125,1156.0,1166.5999755859375,365,Gold,2026-04-04 21:52:15.035739
2016-12-12,1163.5,1163.9000244140625,1153.0,1158.300048828125,331,Gold,2026-04-04 21:52:15.035739
2016-12-13,1156.699951171875,1164.0,1155.4000244140625,1163.5,637,Gold,2026-04-04 21:52:15.035739
2016-12-14,1161.300048828125,1164.0,1142.0,1159.800048828125,487,Gold,2026-04-04 21:52:15.035739
2016-12-15,1127.800048828125,1143.300048828125,1123.9000244140625,1139.800048828125,244,Gold,2026-04-04 21:52:15.035739
2016-12-16,1135.300048828125,1140.9000244140625,1126.9000244140625,1126.9000244140625,146,Gold,2026-04-04 21:52:15.035739
2016-12-19,1140.5,1140.699951171875,1137.9000244140625,1139.4000244140625,249,Gold,2026-04-04 21:52:15.035739
2016-12-20,1131.5,1133.5,1126.5,1133.5,46,Gold,2026-04-04 21:52:15.035739
2016-12-21,1131.0999755859375,1136.0999755859375,1130.0,1136.0999755859375,50,Gold,2026-04-04 21:52:15.035739
2016-12-22,1128.800048828125,1132.800048828125,1128.300048828125,1131.199951171875,104,Gold,2026-04-04 21:52:15.035739
2016-12-23,1131.9000244140625,1132.800048828125,1130.300048828125,1130.9000244140625,70,Gold,2026-04-04 21:52:15.035739
2016-12-27,1137.300048828125,1142.199951171875,1134.300048828125,1134.300048828125,84,Gold,2026-04-04 21:52:15.035739
2016-12-28,1139.4000244140625,1141.199951171875,1138.0,1141.199951171875,1570,Gold,2026-04-04 21:52:15.035739
2016-12-29,1156.4000244140625,1158.800048828125,1143.5999755859375,1143.800048828125,950,Gold,2026-04-04 21:52:15.035739
2016-12-30,1150.0,1162.0,1150.0,1162.0,16,Gold,2026-04-04 21:52:15.035739
2017-01-03,1160.4000244140625,1160.800048828125,1146.5,1155.199951171875,52,Gold,2026-04-04 21:52:15.035739
2017-01-04,1163.800048828125,1165.0,1156.300048828125,1156.300048828125,36,Gold,2026-04-04 21:52:15.035739
2017-01-05,1179.699951171875,1183.300048828125,1171.5,1172.0,500,Gold,2026-04-04 21:52:15.035739
2017-01-06,1171.9000244140625,1176.5,1171.9000244140625,1176.5,16,Gold,2026-04-04 21:52:15.035739
2017-01-09,1183.5,1183.5999755859375,1173.0,1173.9000244140625,62,Gold,2026-04-04 21:52:15.035739
2017-01-10,1184.199951171875,1188.9000244140625,1182.300048828125,1184.300048828125,8,Gold,2026-04-04 21:52:15.035739
2017-01-11,1195.5999755859375,1197.0,1176.5,1187.5,20,Gold,2026-04-04 21:52:15.035739
2017-01-12,1198.9000244140625,1204.300048828125,1192.300048828125,1192.699951171875,110,Gold,2026-04-04 21:52:15.035739
2017-01-13,1195.300048828125,1196.0,1187.699951171875,1195.699951171875,65,Gold,2026-04-04 21:52:15.035739
2017-01-17,1212.0,1214.5999755859375,1200.800048828125,1205.5,79,Gold,2026-04-04 21:52:15.035739
2017-01-18,1211.300048828125,1214.699951171875,1203.0999755859375,1213.5999755859375,114,Gold,2026-04-04 21:52:15.035739
2017-01-19,1200.9000244140625,1204.0,1195.800048828125,1200.5,26,Gold,2026-04-04 21:52:15.035739
2017-01-20,1204.300048828125,1212.0999755859375,1202.800048828125,1202.800048828125,38,Gold,2026-04-04 21:52:15.035739
2017-01-23,1215.0,1215.0,1210.0,1212.0,16,Gold,2026-04-04 21:52:15.035739
2017-01-24,1210.300048828125,1219.0,1207.699951171875,1219.0,24,Gold,2026-04-04 21:52:15.035739
2017-01-25,1197.300048828125,1202.800048828125,1194.9000244140625,1202.0,403,Gold,2026-04-04 21:52:15.035739
2017-01-26,1189.5,1199.699951171875,1185.5999755859375,1199.699951171875,19,Gold,2026-04-04 21:52:15.035739
2017-01-27,1188.0999755859375,1188.300048828125,1187.9000244140625,1187.9000244140625,234352,Gold,2026-04-04 21:52:15.035739
2017-01-30,1193.199951171875,1198.5,1187.0999755859375,1191.699951171875,50503,Gold,2026-04-04 21:52:15.035739
2017-01-31,1208.5999755859375,1214.699951171875,1193.5,1194.9000244140625,3212,Gold,2026-04-04 21:52:15.035739
2017-02-01,1205.5999755859375,1211.9000244140625,1197.9000244140625,1211.9000244140625,1145,Gold,2026-04-04 21:52:15.035739
2017-02-02,1216.699951171875,1224.199951171875,1208.9000244140625,1209.699951171875,1512,Gold,2026-04-04 21:52:15.035739
2017-02-03,1218.5,1220.5999755859375,1206.199951171875,1214.9000244140625,865,Gold,2026-04-04 21:52:15.035739
2017-02-06,1230.0,1235.4000244140625,1218.5,1221.9000244140625,908,Gold,2026-04-04 21:52:15.035739
2017-02-07,1234.199951171875,1236.199951171875,1228.5,1234.199951171875,1177,Gold,2026-04-04 21:52:15.035739
2017-02-08,1237.5999755859375,1243.9000244140625,1231.0,1232.0999755859375,288,Gold,2026-04-04 21:52:15.035739
2017-02-09,1235.0999755859375,1243.5,1226.9000244140625,1239.4000244140625,885,Gold,2026-04-04 21:52:15.035739
2017-02-10,1234.4000244140625,1234.4000244140625,1221.5,1227.5999755859375,391,Gold,2026-04-04 21:52:15.035739
2017-02-13,1224.4000244140625,1231.0999755859375,1219.0,1230.5,398,Gold,2026-04-04 21:52:15.035739
2017-02-14,1223.9000244140625,1233.5,1222.0999755859375,1225.9000244140625,159,Gold,2026-04-04 21:52:15.035739
2017-02-15,1231.699951171875,1231.699951171875,1217.300048828125,1225.5,175,Gold,2026-04-04 21:52:15.035739
2017-02-16,1240.0,1240.699951171875,1233.199951171875,1234.5,87,Gold,2026-04-04 21:52:15.035739
2017-02-17,1237.5999755859375,1241.199951171875,1234.800048828125,1240.699951171875,301,Gold,2026-04-04 21:52:15.035739
2017-02-21,1237.5,1237.5,1228.0999755859375,1237.300048828125,119,Gold,2026-04-04 21:52:15.035739
2017-02-22,1232.0,1238.5999755859375,1231.800048828125,1236.0999755859375,36,Gold,2026-04-04 21:52:15.035739
2017-02-23,1250.199951171875,1250.300048828125,1236.0999755859375,1236.0999755859375,112,Gold,2026-04-04 21:52:15.035739
2017-02-24,1256.9000244140625,1258.800048828125,1250.0,1250.0,1264,Gold,2026-04-04 21:52:15.035739
2017-02-27,1257.4000244140625,1263.0999755859375,1250.4000244140625,1254.699951171875,544,Gold,2026-04-04 21:52:15.035739
2017-02-28,1252.5999755859375,1257.300048828125,1247.199951171875,1253.5999755859375,721,Gold,2026-04-04 21:52:15.035739
2017-03-01,1248.9000244140625,1248.9000244140625,1236.9000244140625,1247.800048828125,138,Gold,2026-04-04 21:52:15.035739
2017-03-02,1231.9000244140625,1247.5999755859375,1230.699951171875,1247.199951171875,79,Gold,2026-04-04 21:52:15.035739
2017-03-03,1225.5,1235.199951171875,1222.9000244140625,1231.699951171875,121,Gold,2026-04-04 21:52:15.035739
2017-03-06,1224.5,1235.199951171875,1224.5,1235.199951171875,29,Gold,2026-04-04 21:52:15.035739
2017-03-07,1215.0999755859375,1225.4000244140625,1213.699951171875,1224.300048828125,53,Gold,2026-04-04 21:52:15.035739
2017-03-08,1208.5,1212.199951171875,1206.699951171875,1212.199951171875,24,Gold,2026-04-04 21:52:15.035739
2017-03-09,1202.4000244140625,1205.5999755859375,1202.300048828125,1204.5,37,Gold,2026-04-04 21:52:15.035739
2017-03-10,1200.699951171875,1203.300048828125,1196.199951171875,1196.199951171875,3,Gold,2026-04-04 21:52:15.035739
2017-03-13,1202.4000244140625,1210.0,1202.300048828125,1206.199951171875,35,Gold,2026-04-04 21:52:15.035739
2017-03-14,1201.9000244140625,1205.9000244140625,1196.800048828125,1203.0999755859375,22,Gold,2026-04-04 21:52:15.035739
2017-03-15,1200.0999755859375,1221.199951171875,1197.699951171875,1198.199951171875,36,Gold,2026-04-04 21:52:15.035739
2017-03-16,1226.5,1231.4000244140625,1222.199951171875,1222.199951171875,47,Gold,2026-04-04 21:52:15.035739
2017-03-17,1229.800048828125,1230.9000244140625,1227.0999755859375,1227.0999755859375,26,Gold,2026-04-04 21:52:15.035739
2017-03-20,1233.5999755859375,1234.4000244140625,1229.300048828125,1229.300048828125,23,Gold,2026-04-04 21:52:15.035739
2017-03-21,1246.0999755859375,1246.0999755859375,1226.4000244140625,1226.4000244140625,11,Gold,2026-04-04 21:52:15.035739
2017-03-22,1249.300048828125,1249.5,1247.699951171875,1247.9000244140625,3,Gold,2026-04-04 21:52:15.035739
2017-03-23,1246.9000244140625,1247.5,1244.800048828125,1246.4000244140625,16,Gold,2026-04-04 21:52:15.035739
2017-03-24,1248.199951171875,1248.300048828125,1247.5999755859375,1248.0,3,Gold,2026-04-04 21:52:15.035739
2017-03-27,1255.4000244140625,1257.699951171875,1253.800048828125,1255.800048828125,72,Gold,2026-04-04 21:52:15.035739
2017-03-28,1255.300048828125,1255.9000244140625,1255.300048828125,1255.9000244140625,19,Gold,2026-04-04 21:52:15.035739
2017-03-29,1253.4000244140625,1253.4000244140625,1252.0999755859375,1252.199951171875,190678,Gold,2026-04-04 21:52:15.035739
2017-03-30,1245.0,1253.5999755859375,1241.0999755859375,1253.0999755859375,51328,Gold,2026-04-04 21:52:15.035739
2017-03-31,1247.300048828125,1248.800048828125,1238.699951171875,1242.0999755859375,8223,Gold,2026-04-04 21:52:15.035739
2017-04-03,1250.800048828125,1252.4000244140625,1243.5999755859375,1247.5,1160,Gold,2026-04-04 21:52:15.035739
2017-04-04,1255.0,1260.300048828125,1253.0,1253.0999755859375,724,Gold,2026-04-04 21:52:15.035739
2017-04-05,1245.4000244140625,1255.4000244140625,1243.0,1255.4000244140625,907,Gold,2026-04-04 21:52:15.035739
2017-04-06,1250.300048828125,1257.5,1249.0,1256.0999755859375,169,Gold,2026-04-04 21:52:15.035739
2017-04-07,1254.300048828125,1269.0999755859375,1249.5,1249.5,445,Gold,2026-04-04 21:52:15.035739
2017-04-10,1251.0999755859375,1255.199951171875,1246.800048828125,1252.699951171875,182,Gold,2026-04-04 21:52:15.035739
2017-04-11,1271.199951171875,1273.5,1254.5,1254.5,401,Gold,2026-04-04 21:52:15.035739
2017-04-12,1275.300048828125,1285.0999755859375,1272.0,1275.0,492,Gold,2026-04-04 21:52:15.035739
2017-04-13,1285.9000244140625,1287.5999755859375,1282.0,1285.300048828125,915,Gold,2026-04-04 21:52:15.035739
2017-04-17,1289.4000244140625,1294.800048828125,1284.300048828125,1291.800048828125,73,Gold,2026-04-04 21:52:15.035739
2017-04-18,1291.699951171875,1291.699951171875,1278.5999755859375,1283.9000244140625,394,Gold,2026-04-04 21:52:15.035739
2017-04-19,1281.4000244140625,1288.0,1274.0,1288.0,194,Gold,2026-04-04 21:52:15.035739
2017-04-20,1281.9000244140625,1281.9000244140625,1276.199951171875,1279.699951171875,127,Gold,2026-04-04 21:52:15.035739
2017-04-21,1287.4000244140625,1287.4000244140625,1279.199951171875,1279.800048828125,474,Gold,2026-04-04 21:52:15.035739
2017-04-24,1275.800048828125,1276.4000244140625,1265.0,1275.0,605,Gold,2026-04-04 21:52:15.035739
2017-04-25,1265.5999755859375,1276.9000244140625,1262.0999755859375,1275.5999755859375,356,Gold,2026-04-04 21:52:15.035739
2017-04-26,1262.0999755859375,1266.0,1262.0999755859375,1266.0,1156,Gold,2026-04-04 21:52:15.035739
2017-04-27,1263.699951171875,1267.199951171875,1262.199951171875,1266.699951171875,206,Gold,2026-04-04 21:52:15.035739
2017-04-28,1266.0999755859375,1267.199951171875,1264.699951171875,1265.9000244140625,85,Gold,2026-04-04 21:52:15.035739
2017-05-01,1253.300048828125,1269.300048828125,1253.300048828125,1268.699951171875,34,Gold,2026-04-04 21:52:15.035739
2017-05-02,1255.0999755859375,1256.199951171875,1251.199951171875,1256.199951171875,90,Gold,2026-04-04 21:52:15.035739
2017-05-03,1246.4000244140625,1255.800048828125,1238.699951171875,1255.0999755859375,195,Gold,2026-04-04 21:52:15.035739
2017-05-04,1226.5,1239.800048828125,1224.199951171875,1239.800048828125,72,Gold,2026-04-04 21:52:15.035739
2017-05-05,1224.800048828125,1233.699951171875,1224.800048828125,1227.0,16,Gold,2026-04-04 21:52:15.035739
2017-05-08,1225.300048828125,1234.0,1224.0,1224.0,43,Gold,2026-04-04 21:52:15.035739
2017-05-09,1214.300048828125,1226.199951171875,1214.0,1226.0999755859375,55,Gold,2026-04-04 21:52:15.035739
2017-05-10,1217.300048828125,1220.199951171875,1217.300048828125,1219.800048828125,23,Gold,2026-04-04 21:52:15.035739
2017-05-11,1222.699951171875,1222.699951171875,1218.300048828125,1218.5,13,Gold,2026-04-04 21:52:15.035739
2017-05-12,1226.199951171875,1229.5,1226.0999755859375,1228.0,29,Gold,2026-04-04 21:52:15.035739
2017-05-15,1228.5999755859375,1232.699951171875,1227.5,1227.5,13,Gold,2026-04-04 21:52:15.035739
2017-05-16,1235.0,1237.300048828125,1230.4000244140625,1230.4000244140625,20,Gold,2026-04-04 21:52:15.035739
2017-05-17,1257.5,1259.199951171875,1240.699951171875,1241.0,26,Gold,2026-04-04 21:52:15.035739
2017-05-18,1251.699951171875,1260.0,1245.800048828125,1254.800048828125,43,Gold,2026-04-04 21:52:15.035739
2017-05-19,1252.699951171875,1252.699951171875,1252.699951171875,1252.699951171875,14,Gold,2026-04-04 21:52:15.035739
2017-05-22,1260.699951171875,1260.699951171875,1251.699951171875,1251.699951171875,14,Gold,2026-04-04 21:52:15.035739
2017-05-23,1254.800048828125,1261.5999755859375,1250.5999755859375,1261.5,20,Gold,2026-04-04 21:52:15.035739
2017-05-24,1252.4000244140625,1257.800048828125,1249.699951171875,1251.9000244140625,14,Gold,2026-04-04 21:52:15.035739
2017-05-25,1255.800048828125,1258.300048828125,1255.800048828125,1257.0999755859375,11,Gold,2026-04-04 21:52:15.035739
2017-05-26,1267.5999755859375,1267.5999755859375,1267.5999755859375,1267.5999755859375,271457,Gold,2026-04-04 21:52:15.035739
2017-05-30,1262.0999755859375,1270.0,1258.4000244140625,1267.4000244140625,129819,Gold,2026-04-04 21:52:15.035739
2017-05-31,1272.0,1273.199951171875,1258.5,1262.4000244140625,2712,Gold,2026-04-04 21:52:15.035739
2017-06-01,1267.0,1269.199951171875,1260.800048828125,1268.0,825,Gold,2026-04-04 21:52:15.035739
2017-06-02,1276.800048828125,1279.0,1259.0,1265.199951171875,1732,Gold,2026-04-04 21:52:15.035739
2017-06-05,1279.300048828125,1282.0,1277.0,1279.199951171875,433,Gold,2026-04-04 21:52:15.035739
2017-06-06,1294.4000244140625,1295.199951171875,1279.4000244140625,1279.4000244140625,942,Gold,2026-04-04 21:52:15.035739
2017-06-07,1290.0999755859375,1293.0999755859375,1284.300048828125,1291.5999755859375,641,Gold,2026-04-04 21:52:15.035739
2017-06-08,1276.300048828125,1287.5999755859375,1268.0999755859375,1285.4000244140625,319,Gold,2026-04-04 21:52:15.035739
2017-06-09,1268.5,1277.9000244140625,1264.5999755859375,1277.9000244140625,467,Gold,2026-04-04 21:52:15.035739
2017-06-12,1266.0999755859375,1269.300048828125,1263.199951171875,1266.4000244140625,255,Gold,2026-04-04 21:52:15.035739
2017-06-13,1265.800048828125,1266.9000244140625,1259.699951171875,1264.0999755859375,150,Gold,2026-04-04 21:52:15.035739
2017-06-14,1272.800048828125,1278.0,1256.800048828125,1269.4000244140625,336,Gold,2026-04-04 21:52:15.035739
2017-06-15,1252.199951171875,1264.199951171875,1250.300048828125,1263.199951171875,743,Gold,2026-04-04 21:52:15.035739
2017-06-16,1254.0,1255.300048828125,1251.300048828125,1252.800048828125,34,Gold,2026-04-04 21:52:15.035739
2017-06-19,1244.199951171875,1252.199951171875,1241.9000244140625,1252.0999755859375,108,Gold,2026-04-04 21:52:15.035739
2017-06-20,1241.0,1245.5,1240.5,1242.199951171875,75,Gold,2026-04-04 21:52:15.035739
2017-06-21,1243.4000244140625,1245.0,1240.0,1244.0999755859375,205,Gold,2026-04-04 21:52:15.035739
2017-06-22,1247.5999755859375,1252.699951171875,1246.300048828125,1251.0,156,Gold,2026-04-04 21:52:15.035739
2017-06-23,1256.199951171875,1273.5999755859375,1249.800048828125,1250.0,269,Gold,2026-04-04 21:52:15.035739
2017-06-26,1246.300048828125,1260.199951171875,1241.5999755859375,1260.199951171875,194,Gold,2026-04-04 21:52:15.035739
2017-06-27,1246.4000244140625,1251.800048828125,1245.9000244140625,1251.5999755859375,111,Gold,2026-04-04 21:52:15.035739
2017-06-28,1248.0,1248.5,1248.0,1248.5,370,Gold,2026-04-04 21:52:15.035739
2017-06-29,1244.199951171875,1250.699951171875,1238.0999755859375,1248.199951171875,540,Gold,2026-04-04 21:52:15.035739
2017-06-30,1240.699951171875,1243.699951171875,1239.0999755859375,1243.699951171875,43,Gold,2026-04-04 21:52:15.035739
2017-07-03,1217.9000244140625,1236.0,1217.9000244140625,1236.0,33,Gold,2026-04-04 21:52:15.035739
2017-07-05,1220.4000244140625,1225.0,1217.0999755859375,1222.5,40,Gold,2026-04-04 21:52:15.035739
2017-07-06,1222.199951171875,1225.0999755859375,1222.199951171875,1225.0999755859375,5,Gold,2026-04-04 21:52:15.035739
2017-07-07,1208.5999755859375,1220.4000244140625,1208.5999755859375,1219.0999755859375,116,Gold,2026-04-04 21:52:15.035739
2017-07-10,1212.0999755859375,1212.0999755859375,1209.5999755859375,1211.4000244140625,28,Gold,2026-04-04 21:52:15.035739
2017-07-11,1213.5999755859375,1214.9000244140625,1208.699951171875,1208.699951171875,12,Gold,2026-04-04 21:52:15.035739
2017-07-12,1218.0999755859375,1219.4000244140625,1217.9000244140625,1218.300048828125,7,Gold,2026-04-04 21:52:15.035739
2017-07-13,1216.300048828125,1221.4000244140625,1216.300048828125,1221.4000244140625,7,Gold,2026-04-04 21:52:15.035739
2017-07-14,1226.5999755859375,1227.5,1214.800048828125,1214.9000244140625,23,Gold,2026-04-04 21:52:15.035739
2017-07-17,1232.800048828125,1233.4000244140625,1229.9000244140625,1229.9000244140625,7,Gold,2026-04-04 21:52:15.035739
2017-07-18,1241.0999755859375,1241.199951171875,1236.199951171875,1236.199951171875,29,Gold,2026-04-04 21:52:15.035739
2017-07-19,1241.199951171875,1241.199951171875,1240.0999755859375,1240.4000244140625,3,Gold,2026-04-04 21:52:15.035739
2017-07-20,1244.800048828125,1244.800048828125,1236.5999755859375,1236.5999755859375,5,Gold,2026-04-04 21:52:15.035739
2017-07-21,1254.300048828125,1254.300048828125,1250.5,1250.699951171875,16,Gold,2026-04-04 21:52:15.035739
2017-07-24,1253.9000244140625,1256.0,1253.9000244140625,1256.0,8,Gold,2026-04-04 21:52:15.035739
2017-07-25,1251.699951171875,1253.5999755859375,1249.199951171875,1252.699951171875,18,Gold,2026-04-04 21:52:15.035739
2017-07-26,1249.0,1249.0,1244.800048828125,1244.800048828125,7,Gold,2026-04-04 21:52:15.035739
2017-07-27,1259.5999755859375,1259.5999755859375,1259.5999755859375,1259.5999755859375,220309,Gold,2026-04-04 21:52:15.035739
2017-07-28,1268.4000244140625,1270.0,1256.9000244140625,1258.4000244140625,64180,Gold,2026-04-04 21:52:15.035739
2017-07-31,1266.5999755859375,1270.800048828125,1265.800048828125,1268.9000244140625,7780,Gold,2026-04-04 21:52:15.035739
2017-08-01,1272.5999755859375,1273.300048828125,1262.0,1268.4000244140625,1061,Gold,2026-04-04 21:52:15.035739
2017-08-02,1271.800048828125,1272.0999755859375,1262.9000244140625,1268.5,393,Gold,2026-04-04 21:52:15.035739
2017-08-03,1267.800048828125,1269.800048828125,1256.5999755859375,1265.9000244140625,878,Gold,2026-04-04 21:52:15.035739
2017-08-04,1258.300048828125,1269.5999755859375,1253.9000244140625,1269.0,521,Gold,2026-04-04 21:52:15.035739
2017-08-07,1258.199951171875,1259.0999755859375,1255.300048828125,1258.699951171875,260,Gold,2026-04-04 21:52:15.035739
2017-08-08,1256.4000244140625,1264.0999755859375,1251.4000244140625,1256.9000244140625,555,Gold,2026-04-04 21:52:15.035739
2017-08-09,1273.0,1277.800048828125,1260.199951171875,1260.199951171875,574,Gold,2026-04-04 21:52:15.035739
2017-08-10,1283.699951171875,1287.4000244140625,1274.9000244140625,1276.5999755859375,608,Gold,2026-04-04 21:52:15.035739
2017-08-11,1287.699951171875,1291.0999755859375,1282.0,1286.300048828125,139,Gold,2026-04-04 21:52:15.035739
2017-08-14,1284.199951171875,1288.4000244140625,1278.800048828125,1288.4000244140625,338,Gold,2026-04-04 21:52:15.035739
2017-08-15,1273.699951171875,1280.5,1267.4000244140625,1280.5,188,Gold,2026-04-04 21:52:15.035739
2017-08-16,1276.9000244140625,1282.5999755859375,1269.4000244140625,1271.300048828125,110,Gold,2026-04-04 21:52:15.035739
2017-08-17,1286.4000244140625,1288.5,1283.199951171875,1283.800048828125,43,Gold,2026-04-04 21:52:15.035739
2017-08-18,1285.699951171875,1300.699951171875,1284.300048828125,1288.5999755859375,358,Gold,2026-04-04 21:52:15.035739
2017-08-21,1290.800048828125,1290.800048828125,1284.699951171875,1285.199951171875,18,Gold,2026-04-04 21:52:15.035739
2017-08-22,1285.0999755859375,1288.4000244140625,1283.199951171875,1287.199951171875,100,Gold,2026-04-04 21:52:15.035739
2017-08-23,1288.9000244140625,1289.4000244140625,1286.9000244140625,1289.4000244140625,250,Gold,2026-04-04 21:52:15.035739
2017-08-24,1286.5,1288.699951171875,1284.0,1288.699951171875,550,Gold,2026-04-04 21:52:15.035739
2017-08-25,1292.5,1292.699951171875,1280.300048828125,1285.4000244140625,280,Gold,2026-04-04 21:52:15.035739
2017-08-28,1309.699951171875,1311.300048828125,1293.5,1293.5,145,Gold,2026-04-04 21:52:15.035739
2017-08-29,1313.0999755859375,1323.800048828125,1313.0999755859375,1318.800048828125,1178,Gold,2026-04-04 21:52:15.035739
2017-08-30,1308.0999755859375,1312.5,1304.9000244140625,1308.199951171875,1178,Gold,2026-04-04 21:52:15.035739
2017-08-31,1316.199951171875,1322.300048828125,1301.699951171875,1306.5999755859375,373,Gold,2026-04-04 21:52:15.035739
2017-09-01,1324.5,1327.699951171875,1316.9000244140625,1320.199951171875,313,Gold,2026-04-04 21:52:15.035739
2017-09-05,1339.199951171875,1339.199951171875,1328.5999755859375,1335.199951171875,39,Gold,2026-04-04 21:52:15.035739
2017-09-06,1333.9000244140625,1340.300048828125,1332.5999755859375,1340.0,20,Gold,2026-04-04 21:52:15.035739
2017-09-07,1345.0999755859375,1349.0,1336.4000244140625,1336.4000244140625,26,Gold,2026-04-04 21:52:15.035739
2017-09-08,1346.0,1355.800048828125,1345.5999755859375,1351.0,37,Gold,2026-04-04 21:52:15.035739
2017-09-11,1331.0,1331.0,1327.300048828125,1331.0,9,Gold,2026-04-04 21:52:15.035739
2017-09-12,1328.0,1328.0,1325.199951171875,1327.0,15,Gold,2026-04-04 21:52:15.035739
2017-09-13,1323.4000244140625,1323.4000244140625,1323.4000244140625,1323.4000244140625,16,Gold,2026-04-04 21:52:15.035739
2017-09-14,1324.699951171875,1329.300048828125,1319.5999755859375,1319.5999755859375,316,Gold,2026-04-04 21:52:15.035739
2017-09-15,1320.4000244140625,1321.199951171875,1319.800048828125,1320.5999755859375,15,Gold,2026-04-04 21:52:15.035739
2017-09-18,1306.300048828125,1310.4000244140625,1306.0,1309.800048828125,129,Gold,2026-04-04 21:52:15.035739
2017-09-19,1306.199951171875,1310.300048828125,1305.0999755859375,1307.9000244140625,20,Gold,2026-04-04 21:52:15.035739
2017-09-20,1312.0,1312.0,1298.699951171875,1312.0,12,Gold,2026-04-04 21:52:15.035739
2017-09-21,1290.5999755859375,1304.0999755859375,1290.300048828125,1299.0999755859375,336,Gold,2026-04-04 21:52:15.035739
2017-09-22,1293.300048828125,1295.699951171875,1293.300048828125,1295.0,209,Gold,2026-04-04 21:52:15.035739
2017-09-25,1306.800048828125,1309.199951171875,1291.0,1293.0999755859375,51,Gold,2026-04-04 21:52:15.035739
2017-09-26,1297.0,1305.5999755859375,1297.0,1304.5,39,Gold,2026-04-04 21:52:15.035739
2017-09-27,1283.4000244140625,1283.4000244140625,1283.4000244140625,1283.4000244140625,19488,Gold,2026-04-04 21:52:15.035739
2017-09-28,1285.5,1288.0,1277.0,1283.0999755859375,5226,Gold,2026-04-04 21:52:15.035739
2017-09-29,1281.5,1289.4000244140625,1281.5,1284.199951171875,492,Gold,2026-04-04 21:52:15.035739
2017-10-02,1272.699951171875,1276.0999755859375,1270.4000244140625,1275.0,136,Gold,2026-04-04 21:52:15.035739
2017-10-03,1271.5,1273.300048828125,1268.5999755859375,1269.699951171875,192,Gold,2026-04-04 21:52:15.035739
2017-10-04,1273.699951171875,1280.800048828125,1270.0,1273.800048828125,218,Gold,2026-04-04 21:52:15.035739
2017-10-05,1269.9000244140625,1277.800048828125,1267.5999755859375,1277.800048828125,36,Gold,2026-04-04 21:52:15.035739
2017-10-06,1271.5999755859375,1272.0,1260.5,1267.5999755859375,46,Gold,2026-04-04 21:52:15.035739
2017-10-09,1281.800048828125,1284.0,1279.0,1280.5999755859375,19,Gold,2026-04-04 21:52:15.035739
2017-10-10,1290.5999755859375,1293.0,1281.699951171875,1282.5999755859375,18,Gold,2026-04-04 21:52:15.035739
2017-10-11,1285.800048828125,1292.0,1284.9000244140625,1287.300048828125,21,Gold,2026-04-04 21:52:15.035739
2017-10-12,1293.300048828125,1294.5,1289.300048828125,1291.5,14,Gold,2026-04-04 21:52:15.035739
2017-10-13,1301.5,1301.699951171875,1291.699951171875,1293.300048828125,74,Gold,2026-04-04 21:52:15.035739
2017-10-16,1299.9000244140625,1303.800048828125,1291.9000244140625,1302.0,173,Gold,2026-04-04 21:52:15.035739
2017-10-17,1283.0,1295.0999755859375,1283.0,1295.0999755859375,571,Gold,2026-04-04 21:52:15.035739
2017-10-18,1279.9000244140625,1279.9000244140625,1279.9000244140625,1279.9000244140625,163,Gold,2026-04-04 21:52:15.035739
2017-10-19,1286.9000244140625,1286.9000244140625,1285.0999755859375,1286.4000244140625,134,Gold,2026-04-04 21:52:15.035739
2017-10-20,1277.4000244140625,1279.5999755859375,1277.4000244140625,1279.5999755859375,304,Gold,2026-04-04 21:52:15.035739
2017-10-23,1277.699951171875,1280.800048828125,1271.5,1274.699951171875,115,Gold,2026-04-04 21:52:15.035739
2017-10-24,1275.0,1275.5,1273.699951171875,1275.5,111,Gold,2026-04-04 21:52:15.035739
2017-10-25,1275.4000244140625,1275.4000244140625,1269.9000244140625,1269.9000244140625,105,Gold,2026-04-04 21:52:15.035739
2017-10-26,1266.300048828125,1273.5,1264.699951171875,1273.5,39,Gold,2026-04-04 21:52:15.035739
2017-10-27,1268.5,1268.5,1267.0999755859375,1268.4000244140625,567,Gold,2026-04-04 21:52:15.035739
2017-10-30,1274.0999755859375,1274.0999755859375,1267.9000244140625,1270.0,222,Gold,2026-04-04 21:52:15.035739
2017-10-31,1267.0,1274.5999755859375,1266.0999755859375,1273.0999755859375,235,Gold,2026-04-04 21:52:15.035739
2017-11-01,1274.0999755859375,1274.800048828125,1270.300048828125,1272.199951171875,78,Gold,2026-04-04 21:52:15.035739
2017-11-02,1274.9000244140625,1274.9000244140625,1274.9000244140625,1274.9000244140625,70,Gold,2026-04-04 21:52:15.035739
2017-11-03,1266.5,1267.9000244140625,1265.300048828125,1265.300048828125,75,Gold,2026-04-04 21:52:15.035739
2017-11-06,1279.4000244140625,1280.5,1269.0,1269.0,128,Gold,2026-04-04 21:52:15.035739
2017-11-07,1273.699951171875,1276.800048828125,1270.4000244140625,1276.800048828125,11,Gold,2026-04-04 21:52:15.035739
2017-11-08,1281.5999755859375,1284.9000244140625,1274.699951171875,1275.9000244140625,15,Gold,2026-04-04 21:52:15.035739
2017-11-09,1285.5999755859375,1286.9000244140625,1279.699951171875,1279.699951171875,18,Gold,2026-04-04 21:52:15.035739
2017-11-10,1272.4000244140625,1283.5,1272.4000244140625,1283.5,10,Gold,2026-04-04 21:52:15.035739
2017-11-13,1277.300048828125,1277.300048828125,1277.0,1277.300048828125,3,Gold,2026-04-04 21:52:15.035739
2017-11-14,1281.5,1281.5,1276.9000244140625,1276.9000244140625,4,Gold,2026-04-04 21:52:15.035739
2017-11-15,1276.5,1284.699951171875,1275.9000244140625,1281.4000244140625,13,Gold,2026-04-04 21:52:15.035739
2017-11-16,1277.4000244140625,1277.5,1277.4000244140625,1277.5,43,Gold,2026-04-04 21:52:15.035739
2017-11-17,1295.800048828125,1295.800048828125,1288.300048828125,1288.300048828125,1,Gold,2026-04-04 21:52:15.035739
2017-11-20,1274.5999755859375,1275.9000244140625,1274.5999755859375,1274.5999755859375,1,Gold,2026-04-04 21:52:15.035739
2017-11-21,1281.0999755859375,1281.0999755859375,1281.0999755859375,1281.0999755859375,4,Gold,2026-04-04 21:52:15.035739
2017-11-22,1291.5999755859375,1291.5999755859375,1282.9000244140625,1284.699951171875,4,Gold,2026-04-04 21:52:15.035739
2017-11-24,1286.699951171875,1286.699951171875,1286.699951171875,1286.699951171875,0,Gold,2026-04-04 21:52:15.035739
2017-11-27,1293.800048828125,1293.800048828125,1293.800048828125,1293.800048828125,1,Gold,2026-04-04 21:52:15.035739
2017-11-28,1294.699951171875,1294.699951171875,1294.699951171875,1294.699951171875,275442,Gold,2026-04-04 21:52:15.035739
2017-11-29,1282.0999755859375,1296.199951171875,1281.0999755859375,1293.4000244140625,47244,Gold,2026-04-04 21:52:15.035739
2017-11-30,1273.199951171875,1284.5,1269.699951171875,1283.0999755859375,3049,Gold,2026-04-04 21:52:15.035739
2017-12-01,1278.800048828125,1288.5999755859375,1271.0,1274.0999755859375,823,Gold,2026-04-04 21:52:15.035739
2017-12-04,1274.300048828125,1276.0999755859375,1270.300048828125,1272.5,850,Gold,2026-04-04 21:52:15.035739
2017-12-05,1261.5999755859375,1275.800048828125,1260.0,1275.4000244140625,1499,Gold,2026-04-04 21:52:15.035739
2017-12-06,1262.800048828125,1267.800048828125,1261.5999755859375,1264.9000244140625,373,Gold,2026-04-04 21:52:15.035739
2017-12-07,1249.800048828125,1262.4000244140625,1243.9000244140625,1262.300048828125,358,Gold,2026-04-04 21:52:15.035739
2017-12-08,1245.199951171875,1249.300048828125,1241.5,1246.300048828125,157,Gold,2026-04-04 21:52:15.035739
2017-12-11,1243.699951171875,1249.199951171875,1239.9000244140625,1248.4000244140625,146,Gold,2026-04-04 21:52:15.035739
2017-12-12,1238.5,1244.4000244140625,1236.5,1241.300048828125,692,Gold,2026-04-04 21:52:15.035739
2017-12-13,1245.4000244140625,1254.5,1239.800048828125,1241.9000244140625,349,Gold,2026-04-04 21:52:15.035739
2017-12-14,1253.800048828125,1257.699951171875,1250.300048828125,1252.9000244140625,139,Gold,2026-04-04 21:52:15.035739
2017-12-15,1254.300048828125,1260.300048828125,1253.0999755859375,1253.0999755859375,578,Gold,2026-04-04 21:52:15.035739
2017-12-18,1262.199951171875,1262.4000244140625,1255.699951171875,1256.199951171875,45,Gold,2026-04-04 21:52:15.035739
2017-12-19,1260.699951171875,1264.300048828125,1259.5,1261.0999755859375,329,Gold,2026-04-04 21:52:15.035739
2017-12-20,1266.0999755859375,1266.5999755859375,1261.300048828125,1261.300048828125,63,Gold,2026-04-04 21:52:15.035739
2017-12-21,1267.300048828125,1267.4000244140625,1264.300048828125,1266.4000244140625,226,Gold,2026-04-04 21:52:15.035739
2017-12-22,1275.4000244140625,1276.300048828125,1266.300048828125,1266.300048828125,119,Gold,2026-04-04 21:52:15.035739
2017-12-26,1284.0999755859375,1284.0999755859375,1281.800048828125,1282.4000244140625,84,Gold,2026-04-04 21:52:15.035739
2017-12-27,1287.0,1287.0,1284.0,1284.0,456,Gold,2026-04-04 21:52:15.035739
2017-12-28,1294.0999755859375,1294.0999755859375,1288.199951171875,1288.199951171875,245,Gold,2026-04-04 21:52:15.035739
2017-12-29,1306.300048828125,1306.300048828125,1294.0,1294.199951171875,65,Gold,2026-04-04 21:52:15.035739
2018-01-02,1313.699951171875,1317.5999755859375,1302.300048828125,1302.300048828125,68,Gold,2026-04-04 21:52:15.035739
2018-01-03,1316.199951171875,1320.0999755859375,1312.0999755859375,1320.0,42,Gold,2026-04-04 21:52:15.035739
2018-01-04,1319.4000244140625,1322.0,1319.4000244140625,1319.4000244140625,2,Gold,2026-04-04 21:52:15.035739
2018-01-05,1320.300048828125,1320.300048828125,1320.300048828125,1320.300048828125,1,Gold,2026-04-04 21:52:15.035739
2018-01-08,1318.5999755859375,1319.9000244140625,1314.5999755859375,1319.9000244140625,41,Gold,2026-04-04 21:52:15.035739
2018-01-09,1311.699951171875,1311.699951171875,1309.5999755859375,1309.5999755859375,16,Gold,2026-04-04 21:52:15.035739
2018-01-10,1317.4000244140625,1320.699951171875,1315.300048828125,1320.300048828125,70,Gold,2026-04-04 21:52:15.035739
2018-01-11,1320.5999755859375,1320.5999755859375,1316.300048828125,1317.0999755859375,9,Gold,2026-04-04 21:52:15.035739
2018-01-12,1333.4000244140625,1338.199951171875,1327.800048828125,1327.800048828125,14,Gold,2026-04-04 21:52:15.035739
2018-01-16,1335.4000244140625,1335.4000244140625,1331.0,1331.0999755859375,13,Gold,2026-04-04 21:52:15.035739
2018-01-17,1338.0,1338.0,1326.800048828125,1334.4000244140625,27,Gold,2026-04-04 21:52:15.035739
2018-01-18,1326.0,1328.9000244140625,1326.0,1328.9000244140625,211,Gold,2026-04-04 21:52:15.035739
2018-01-19,1331.9000244140625,1333.0,1330.0999755859375,1330.0999755859375,50,Gold,2026-04-04 21:52:15.035739
2018-01-22,1330.9000244140625,1330.9000244140625,1328.4000244140625,1328.4000244140625,162,Gold,2026-04-04 21:52:15.035739
2018-01-23,1335.699951171875,1335.9000244140625,1335.699951171875,1335.800048828125,47,Gold,2026-04-04 21:52:15.035739
2018-01-24,1355.9000244140625,1357.199951171875,1355.9000244140625,1355.9000244140625,18,Gold,2026-04-04 21:52:15.035739
2018-01-25,1362.4000244140625,1362.4000244140625,1346.699951171875,1356.300048828125,4,Gold,2026-04-04 21:52:15.035739
2018-01-26,1351.5999755859375,1352.0,1350.9000244140625,1351.5999755859375,280546,Gold,2026-04-04 21:52:15.035739
2018-01-30,1335.4000244140625,1347.800048828125,1332.800048828125,1338.699951171875,52100,Gold,2026-04-04 21:52:15.035739
2018-01-31,1339.0,1346.9000244140625,1331.800048828125,1337.5,4881,Gold,2026-04-04 21:52:15.035739
2018-02-01,1344.300048828125,1350.5999755859375,1336.800048828125,1343.800048828125,1680,Gold,2026-04-04 21:52:15.035739
2018-02-02,1333.699951171875,1352.0999755859375,1327.699951171875,1348.5,2841,Gold,2026-04-04 21:52:15.035739
2018-02-05,1333.0,1340.199951171875,1329.0,1331.0999755859375,641,Gold,2026-04-04 21:52:15.035739
2018-02-06,1326.0999755859375,1343.699951171875,1319.5,1338.199951171875,529,Gold,2026-04-04 21:52:15.035739
2018-02-07,1311.5999755859375,1331.0999755859375,1310.5,1325.4000244140625,491,Gold,2026-04-04 21:52:15.035739
2018-02-08,1316.9000244140625,1321.0999755859375,1307.0,1317.0999755859375,459,Gold,2026-04-04 21:52:15.035739
2018-02-09,1313.0999755859375,1322.0,1311.9000244140625,1320.9000244140625,451,Gold,2026-04-04 21:52:15.035739
2018-02-12,1324.199951171875,1325.5,1318.0,1323.800048828125,140,Gold,2026-04-04 21:52:15.035739
2018-02-13,1328.0999755859375,1329.5999755859375,1323.4000244140625,1324.5,71,Gold,2026-04-04 21:52:15.035739
2018-02-14,1355.5,1355.5,1324.0,1332.800048828125,400,Gold,2026-04-04 21:52:15.035739
2018-02-15,1352.0999755859375,1355.9000244140625,1349.699951171875,1352.0,111,Gold,2026-04-04 21:52:15.035739
2018-02-16,1353.199951171875,1361.4000244140625,1344.9000244140625,1354.0,110,Gold,2026-04-04 21:52:15.035739
2018-02-20,1328.800048828125,1350.199951171875,1328.5,1348.4000244140625,283,Gold,2026-04-04 21:52:15.035739
2018-02-21,1330.0,1331.5,1324.4000244140625,1326.800048828125,119,Gold,2026-04-04 21:52:15.035739
2018-02-22,1330.5999755859375,1331.4000244140625,1322.0,1322.0,70,Gold,2026-04-04 21:52:15.035739
2018-02-23,1328.199951171875,1332.0999755859375,1327.699951171875,1328.0,427,Gold,2026-04-04 21:52:15.035739
2018-02-26,1330.699951171875,1340.5,1330.699951171875,1335.0,652,Gold,2026-04-04 21:52:15.035739
2018-02-27,1315.5,1332.5999755859375,1312.699951171875,1331.699951171875,710,Gold,2026-04-04 21:52:15.035739
2018-02-28,1315.5,1321.0,1315.4000244140625,1315.4000244140625,58,Gold,2026-04-04 21:52:15.035739
2018-03-01,1302.9000244140625,1318.0999755859375,1301.800048828125,1310.4000244140625,43,Gold,2026-04-04 21:52:15.035739
2018-03-02,1321.0999755859375,1323.199951171875,1314.300048828125,1314.300048828125,155,Gold,2026-04-04 21:52:15.035739
2018-03-05,1318.0999755859375,1325.9000244140625,1318.0999755859375,1323.5,18,Gold,2026-04-04 21:52:15.035739
2018-03-06,1333.5999755859375,1333.5999755859375,1321.4000244140625,1321.5999755859375,18,Gold,2026-04-04 21:52:15.035739
2018-03-07,1326.0,1338.0999755859375,1326.0,1338.0999755859375,27,Gold,2026-04-04 21:52:15.035739
2018-03-08,1319.9000244140625,1326.800048828125,1319.300048828125,1324.800048828125,62,Gold,2026-04-04 21:52:15.035739
2018-03-09,1322.4000244140625,1322.4000244140625,1313.0,1316.800048828125,88,Gold,2026-04-04 21:52:15.035739
2018-03-12,1319.4000244140625,1319.4000244140625,1319.4000244140625,1319.4000244140625,0,Gold,2026-04-04 21:52:15.035739
2018-03-13,1325.9000244140625,1325.9000244140625,1325.300048828125,1325.9000244140625,13,Gold,2026-04-04 21:52:15.035739
2018-03-14,1324.4000244140625,1324.4000244140625,1322.199951171875,1322.199951171875,19,Gold,2026-04-04 21:52:15.035739
2018-03-15,1316.800048828125,1316.800048828125,1316.800048828125,1316.800048828125,0,Gold,2026-04-04 21:52:15.035739
2018-03-16,1311.300048828125,1311.300048828125,1310.0999755859375,1310.0999755859375,34,Gold,2026-04-04 21:52:15.035739
2018-03-19,1316.800048828125,1316.9000244140625,1307.300048828125,1309.4000244140625,6,Gold,2026-04-04 21:52:15.035739
2018-03-20,1311.0999755859375,1311.0999755859375,1311.0999755859375,1311.0999755859375,4,Gold,2026-04-04 21:52:15.035739
2018-03-21,1320.699951171875,1328.800048828125,1312.4000244140625,1312.4000244140625,34,Gold,2026-04-04 21:52:15.035739
2018-03-22,1326.5999755859375,1326.5999755859375,1326.5999755859375,1326.5999755859375,0,Gold,2026-04-04 21:52:15.035739
2018-03-23,1349.300048828125,1349.300048828125,1343.199951171875,1343.199951171875,8,Gold,2026-04-04 21:52:15.035739
2018-03-26,1354.4000244140625,1354.4000244140625,1345.0999755859375,1348.5,10,Gold,2026-04-04 21:52:15.035739
2018-03-27,1341.300048828125,1341.300048828125,1341.0,1341.0,290889,Gold,2026-04-04 21:52:15.035739
2018-03-28,1324.199951171875,1346.4000244140625,1322.4000244140625,1345.0,59284,Gold,2026-04-04 21:52:15.035739
2018-03-29,1322.800048828125,1327.0999755859375,1321.699951171875,1324.0,5585,Gold,2026-04-04 21:52:15.035739
2018-04-02,1342.0999755859375,1344.199951171875,1324.699951171875,1327.0,649,Gold,2026-04-04 21:52:15.035739
2018-04-03,1332.800048828125,1341.5,1328.5,1340.4000244140625,702,Gold,2026-04-04 21:52:15.035739
2018-04-04,1335.800048828125,1347.300048828125,1331.5999755859375,1331.800048828125,718,Gold,2026-04-04 21:52:15.035739
2018-04-05,1324.300048828125,1333.699951171875,1322.5999755859375,1333.5,258,Gold,2026-04-04 21:52:15.035739
2018-04-06,1331.9000244140625,1333.0,1319.0,1326.5,348,Gold,2026-04-04 21:52:15.035739
2018-04-09,1336.300048828125,1337.5,1327.0,1333.0,290,Gold,2026-04-04 21:52:15.035739
2018-04-10,1342.0,1342.0,1333.0,1335.199951171875,105,Gold,2026-04-04 21:52:15.035739
2018-04-11,1356.5,1365.4000244140625,1340.0999755859375,1340.0999755859375,118,Gold,2026-04-04 21:52:15.035739
2018-04-12,1338.4000244140625,1351.5,1334.5999755859375,1351.199951171875,34,Gold,2026-04-04 21:52:15.035739
2018-04-13,1344.800048828125,1346.0,1335.9000244140625,1335.9000244140625,67,Gold,2026-04-04 21:52:15.035739
2018-04-16,1347.5,1348.800048828125,1341.0,1341.0,60,Gold,2026-04-04 21:52:15.035739
2018-04-17,1347.199951171875,1348.0999755859375,1339.0,1348.0,409,Gold,2026-04-04 21:52:15.035739
2018-04-18,1351.199951171875,1354.199951171875,1343.5,1343.5,45,Gold,2026-04-04 21:52:15.035739
2018-04-19,1346.800048828125,1355.199951171875,1341.5999755859375,1348.5999755859375,387,Gold,2026-04-04 21:52:15.035739
2018-04-20,1336.699951171875,1343.4000244140625,1335.300048828125,1342.5,310,Gold,2026-04-04 21:52:15.035739
2018-04-23,1322.5,1334.4000244140625,1322.5,1334.0,68,Gold,2026-04-04 21:52:15.035739
2018-04-24,1331.4000244140625,1331.699951171875,1326.199951171875,1326.4000244140625,28,Gold,2026-04-04 21:52:15.035739
2018-04-25,1321.199951171875,1325.0,1320.0,1324.0,278,Gold,2026-04-04 21:52:15.035739
2018-04-26,1316.300048828125,1316.300048828125,1315.699951171875,1315.699951171875,569,Gold,2026-04-04 21:52:15.035739
2018-04-27,1320.300048828125,1321.699951171875,1312.800048828125,1315.300048828125,622,Gold,2026-04-04 21:52:15.035739
2018-04-30,1316.199951171875,1316.199951171875,1309.5999755859375,1309.5999755859375,49,Gold,2026-04-04 21:52:15.035739
2018-05-01,1303.800048828125,1313.800048828125,1303.4000244140625,1313.199951171875,28,Gold,2026-04-04 21:52:15.035739
2018-05-02,1302.5999755859375,1309.300048828125,1302.5999755859375,1309.0,23,Gold,2026-04-04 21:52:15.035739
2018-05-03,1310.699951171875,1310.699951171875,1310.699951171875,1310.699951171875,4,Gold,2026-04-04 21:52:15.035739
2018-05-04,1312.699951171875,1312.699951171875,1312.699951171875,1312.699951171875,0,Gold,2026-04-04 21:52:15.035739
2018-05-07,1312.199951171875,1312.5,1310.199951171875,1310.5999755859375,4,Gold,2026-04-04 21:52:15.035739
2018-05-08,1312.0,1312.0,1308.5,1310.0999755859375,337,Gold,2026-04-04 21:52:15.035739
2018-05-09,1311.300048828125,1311.300048828125,1311.300048828125,1311.300048828125,70,Gold,2026-04-04 21:52:15.035739
2018-05-10,1320.800048828125,1320.800048828125,1312.199951171875,1312.199951171875,8,Gold,2026-04-04 21:52:15.035739
2018-05-11,1319.0,1319.0,1319.0,1319.0,3,Gold,2026-04-04 21:52:15.035739
2018-05-14,1316.5,1319.9000244140625,1316.5,1319.9000244140625,4,Gold,2026-04-04 21:52:15.035739
2018-05-15,1288.9000244140625,1304.699951171875,1288.9000244140625,1304.5999755859375,8,Gold,2026-04-04 21:52:15.035739
2018-05-16,1290.199951171875,1294.0,1285.4000244140625,1290.9000244140625,26,Gold,2026-04-04 21:52:15.035739
2018-05-17,1288.199951171875,1291.300048828125,1288.199951171875,1291.300048828125,2,Gold,2026-04-04 21:52:15.035739
2018-05-18,1290.199951171875,1290.199951171875,1285.199951171875,1285.199951171875,2,Gold,2026-04-04 21:52:15.035739
2018-05-21,1290.199951171875,1292.0999755859375,1287.4000244140625,1287.4000244140625,52,Gold,2026-04-04 21:52:15.035739
2018-05-22,1291.699951171875,1291.699951171875,1291.699951171875,1291.699951171875,50,Gold,2026-04-04 21:52:15.035739
2018-05-23,1289.300048828125,1289.300048828125,1289.300048828125,1289.300048828125,10,Gold,2026-04-04 21:52:15.035739
2018-05-24,1303.699951171875,1303.699951171875,1303.699951171875,1303.699951171875,0,Gold,2026-04-04 21:52:15.035739
2018-05-25,1303.300048828125,1303.300048828125,1303.300048828125,1303.300048828125,1,Gold,2026-04-04 21:52:15.035739
2018-05-29,1298.699951171875,1298.699951171875,1298.699951171875,1298.699951171875,386334,Gold,2026-04-04 21:52:15.035739
2018-05-30,1301.5,1303.699951171875,1295.199951171875,1298.0,50845,Gold,2026-04-04 21:52:15.035739
2018-05-31,1300.0999755859375,1306.800048828125,1296.5999755859375,1301.0,4082,Gold,2026-04-04 21:52:15.035739
2018-06-01,1294.800048828125,1299.5,1288.9000244140625,1298.5999755859375,663,Gold,2026-04-04 21:52:15.035739
2018-06-04,1293.0999755859375,1297.0999755859375,1290.0,1293.9000244140625,144,Gold,2026-04-04 21:52:15.035739
2018-06-05,1297.5,1299.800048828125,1289.9000244140625,1292.0999755859375,357,Gold,2026-04-04 21:52:15.035739
2018-06-06,1297.0999755859375,1300.4000244140625,1294.0999755859375,1296.0999755859375,373,Gold,2026-04-04 21:52:15.035739
2018-06-07,1298.699951171875,1302.800048828125,1296.199951171875,1298.4000244140625,79,Gold,2026-04-04 21:52:15.035739
2018-06-08,1298.0999755859375,1299.4000244140625,1294.800048828125,1295.300048828125,650,Gold,2026-04-04 21:52:15.035739
2018-06-11,1298.9000244140625,1302.0,1295.199951171875,1299.300048828125,71,Gold,2026-04-04 21:52:15.035739
2018-06-12,1295.0999755859375,1298.0999755859375,1292.699951171875,1297.800048828125,153,Gold,2026-04-04 21:52:15.035739
2018-06-13,1296.9000244140625,1299.4000244140625,1290.9000244140625,1294.0,135,Gold,2026-04-04 21:52:15.035739
2018-06-14,1304.0,1307.699951171875,1297.199951171875,1297.199951171875,42,Gold,2026-04-04 21:52:15.035739
2018-06-15,1274.5999755859375,1307.699951171875,1274.0,1297.199951171875,589,Gold,2026-04-04 21:52:15.035739
2018-06-18,1276.199951171875,1280.699951171875,1276.199951171875,1280.699951171875,35,Gold,2026-04-04 21:52:15.035739
2018-06-19,1275.5999755859375,1281.800048828125,1269.9000244140625,1278.699951171875,34,Gold,2026-04-04 21:52:15.035739
2018-06-20,1271.199951171875,1274.4000244140625,1271.199951171875,1274.4000244140625,7,Gold,2026-04-04 21:52:15.035739
2018-06-21,1267.199951171875,1268.9000244140625,1260.0,1262.699951171875,46,Gold,2026-04-04 21:52:15.035739
2018-06-22,1267.4000244140625,1270.199951171875,1267.0,1268.0999755859375,74,Gold,2026-04-04 21:52:15.035739
2018-06-25,1265.5999755859375,1271.199951171875,1265.5999755859375,1270.5999755859375,37,Gold,2026-04-04 21:52:15.035739
2018-06-26,1256.5999755859375,1267.199951171875,1256.5999755859375,1267.199951171875,89,Gold,2026-04-04 21:52:15.035739
2018-06-27,1252.800048828125,1255.5,1252.300048828125,1255.5,1162,Gold,2026-04-04 21:52:15.035739
2018-06-28,1247.800048828125,1251.699951171875,1244.800048828125,1251.699951171875,378,Gold,2026-04-04 21:52:15.035739
2018-06-29,1251.300048828125,1253.300048828125,1249.0999755859375,1250.300048828125,48,Gold,2026-04-04 21:52:15.035739
2018-07-02,1239.800048828125,1249.9000244140625,1239.800048828125,1249.9000244140625,29,Gold,2026-04-04 21:52:15.035739
2018-07-03,1251.5999755859375,1254.0999755859375,1237.0,1238.0999755859375,36,Gold,2026-04-04 21:52:15.035739
2018-07-05,1257.300048828125,1257.300048828125,1253.5999755859375,1255.5,9,Gold,2026-04-04 21:52:15.035739
2018-07-06,1254.300048828125,1255.5,1254.300048828125,1255.5,7,Gold,2026-04-04 21:52:15.035739
2018-07-09,1258.0999755859375,1262.300048828125,1257.699951171875,1258.199951171875,37,Gold,2026-04-04 21:52:15.035739
2018-07-10,1253.800048828125,1256.9000244140625,1249.300048828125,1256.199951171875,65,Gold,2026-04-04 21:52:15.035739
2018-07-11,1242.800048828125,1253.199951171875,1242.800048828125,1253.199951171875,30,Gold,2026-04-04 21:52:15.035739
2018-07-12,1245.0,1246.699951171875,1240.9000244140625,1240.9000244140625,7,Gold,2026-04-04 21:52:15.035739
2018-07-13,1239.5999755859375,1247.0,1239.5999755859375,1244.699951171875,2,Gold,2026-04-04 21:52:15.035739
2018-07-16,1238.0999755859375,1243.800048828125,1238.0999755859375,1242.699951171875,2,Gold,2026-04-04 21:52:15.035739
2018-07-17,1225.699951171875,1225.699951171875,1225.699951171875,1225.699951171875,0,Gold,2026-04-04 21:52:15.035739
2018-07-18,1226.300048828125,1226.699951171875,1222.199951171875,1226.699951171875,67,Gold,2026-04-04 21:52:15.035739
2018-07-19,1222.4000244140625,1228.0,1211.699951171875,1227.199951171875,33,Gold,2026-04-04 21:52:15.035739
2018-07-20,1229.5,1229.5,1229.5,1229.5,0,Gold,2026-04-04 21:52:15.035739
2018-07-23,1224.0,1224.0,1222.0,1222.0,1,Gold,2026-04-04 21:52:15.035739
2018-07-24,1223.9000244140625,1223.9000244140625,1223.9000244140625,1223.9000244140625,0,Gold,2026-04-04 21:52:15.035739
2018-07-25,1231.4000244140625,1231.4000244140625,1231.4000244140625,1231.4000244140625,0,Gold,2026-04-04 21:52:15.035739
2018-07-26,1225.300048828125,1227.800048828125,1225.300048828125,1227.800048828125,1,Gold,2026-04-04 21:52:15.035739
2018-07-27,1222.5999755859375,1222.5999755859375,1222.5999755859375,1222.5999755859375,254428,Gold,2026-04-04 21:52:15.035739
2018-07-30,1221.300048828125,1223.9000244140625,1218.0999755859375,1222.5,62239,Gold,2026-04-04 21:52:15.035739
2018-07-31,1223.699951171875,1228.0999755859375,1213.0,1220.4000244140625,2722,Gold,2026-04-04 21:52:15.035739
2018-08-01,1217.9000244140625,1223.699951171875,1214.4000244140625,1222.9000244140625,1026,Gold,2026-04-04 21:52:15.035739
2018-08-02,1210.5999755859375,1219.300048828125,1205.800048828125,1214.699951171875,411,Gold,2026-04-04 21:52:15.035739
2018-08-03,1214.199951171875,1218.5999755859375,1205.0999755859375,1206.5,784,Gold,2026-04-04 21:52:15.035739
2018-08-06,1208.5999755859375,1214.4000244140625,1206.5999755859375,1214.4000244140625,297,Gold,2026-04-04 21:52:15.035739
2018-08-07,1209.5999755859375,1214.800048828125,1207.800048828125,1207.800048828125,715,Gold,2026-04-04 21:52:15.035739
2018-08-08,1212.5999755859375,1215.199951171875,1205.9000244140625,1212.0,209,Gold,2026-04-04 21:52:15.035739
2018-08-09,1211.9000244140625,1215.300048828125,1211.5999755859375,1214.5,44,Gold,2026-04-04 21:52:15.035739
2018-08-10,1211.0999755859375,1216.4000244140625,1205.5999755859375,1212.5,75,Gold,2026-04-04 21:52:15.035739
2018-08-13,1191.300048828125,1207.4000244140625,1191.300048828125,1207.0,78,Gold,2026-04-04 21:52:15.035739
2018-08-14,1193.0,1197.5,1192.800048828125,1193.0999755859375,92,Gold,2026-04-04 21:52:15.035739
2018-08-15,1177.5,1188.0999755859375,1174.5999755859375,1187.800048828125,71,Gold,2026-04-04 21:52:15.035739
2018-08-16,1176.199951171875,1180.199951171875,1161.4000244140625,1173.199951171875,123,Gold,2026-04-04 21:52:15.035739
2018-08-17,1176.5,1181.199951171875,1174.699951171875,1174.699951171875,66,Gold,2026-04-04 21:52:15.035739
2018-08-20,1186.800048828125,1190.0,1184.4000244140625,1184.800048828125,68,Gold,2026-04-04 21:52:15.035739
2018-08-21,1192.5999755859375,1192.5999755859375,1189.800048828125,1189.800048828125,22,Gold,2026-04-04 21:52:15.035739
2018-08-22,1196.300048828125,1196.300048828125,1194.699951171875,1194.699951171875,17,Gold,2026-04-04 21:52:15.035739
2018-08-23,1187.0,1190.300048828125,1184.9000244140625,1189.300048828125,95,Gold,2026-04-04 21:52:15.035739
2018-08-24,1206.300048828125,1208.0,1185.300048828125,1185.300048828125,12,Gold,2026-04-04 21:52:15.035739
2018-08-27,1209.0,1211.4000244140625,1205.199951171875,1210.300048828125,154,Gold,2026-04-04 21:52:15.035739
2018-08-28,1207.4000244140625,1217.0,1202.300048828125,1209.699951171875,136,Gold,2026-04-04 21:52:15.035739
2018-08-29,1204.5,1205.199951171875,1202.4000244140625,1205.199951171875,817,Gold,2026-04-04 21:52:15.035739
2018-08-30,1197.699951171875,1205.5999755859375,1196.0,1205.4000244140625,493,Gold,2026-04-04 21:52:15.035739
2018-08-31,1200.300048828125,1208.199951171875,1199.0999755859375,1207.0999755859375,191,Gold,2026-04-04 21:52:15.035739
2018-09-04,1192.699951171875,1193.800048828125,1189.9000244140625,1193.800048828125,26,Gold,2026-04-04 21:52:15.035739
2018-09-05,1194.9000244140625,1196.0,1192.5,1192.5,21,Gold,2026-04-04 21:52:15.035739
2018-09-06,1197.9000244140625,1202.0,1197.9000244140625,1202.0,7,Gold,2026-04-04 21:52:15.035739
2018-09-07,1193.5999755859375,1198.300048828125,1193.0999755859375,1198.300048828125,29,Gold,2026-04-04 21:52:15.035739
2018-09-10,1193.0,1193.0,1193.0,1193.0,11,Gold,2026-04-04 21:52:15.035739
2018-09-11,1195.4000244140625,1196.300048828125,1190.4000244140625,1190.4000244140625,21,Gold,2026-04-04 21:52:15.035739
2018-09-12,1204.699951171875,1205.0,1204.699951171875,1205.0,37,Gold,2026-04-04 21:52:15.035739
2018-09-13,1202.0,1203.4000244140625,1200.0,1203.4000244140625,22,Gold,2026-04-04 21:52:15.035739
2018-09-14,1195.0,1195.0,1195.0,1195.0,1,Gold,2026-04-04 21:52:15.035739
2018-09-17,1199.699951171875,1199.699951171875,1199.699951171875,1199.699951171875,0,Gold,2026-04-04 21:52:15.035739
2018-09-18,1196.800048828125,1198.699951171875,1196.800048828125,1198.699951171875,2,Gold,2026-04-04 21:52:15.035739
2018-09-19,1202.199951171875,1202.199951171875,1202.199951171875,1202.199951171875,0,Gold,2026-04-04 21:52:15.035739
2018-09-20,1206.199951171875,1206.199951171875,1206.199951171875,1206.199951171875,0,Gold,2026-04-04 21:52:15.035739
2018-09-21,1196.199951171875,1196.199951171875,1196.199951171875,1196.199951171875,0,Gold,2026-04-04 21:52:15.035739
2018-09-24,1199.300048828125,1199.300048828125,1199.300048828125,1199.300048828125,0,Gold,2026-04-04 21:52:15.035739
2018-09-25,1200.0,1202.800048828125,1200.0,1202.0999755859375,21,Gold,2026-04-04 21:52:15.035739
2018-09-26,1194.0,1194.0,1194.0,1194.0,17857,Gold,2026-04-04 21:52:15.035739
2018-09-27,1182.300048828125,1197.300048828125,1180.5,1194.5999755859375,4947,Gold,2026-04-04 21:52:15.035739
2018-09-28,1191.5,1191.9000244140625,1180.0,1181.699951171875,404,Gold,2026-04-04 21:52:15.035739
2018-10-01,1187.0999755859375,1191.5999755859375,1185.800048828125,1191.5999755859375,180,Gold,2026-04-04 21:52:15.035739
2018-10-02,1202.4000244140625,1206.0,1190.300048828125,1193.0,451,Gold,2026-04-04 21:52:15.035739
2018-10-03,1198.300048828125,1202.5999755859375,1196.5999755859375,1202.5999755859375,76,Gold,2026-04-04 21:52:15.035739
2018-10-04,1197.199951171875,1204.5999755859375,1197.199951171875,1199.300048828125,496,Gold,2026-04-04 21:52:15.035739
2018-10-05,1201.199951171875,1205.300048828125,1196.9000244140625,1197.0999755859375,34,Gold,2026-04-04 21:52:15.035739
2018-10-08,1184.4000244140625,1201.0,1183.699951171875,1201.0,250,Gold,2026-04-04 21:52:15.035739
2018-10-09,1187.199951171875,1189.0999755859375,1185.5999755859375,1185.5999755859375,9,Gold,2026-04-04 21:52:15.035739
2018-10-10,1189.300048828125,1192.0,1189.300048828125,1189.300048828125,1078,Gold,2026-04-04 21:52:15.035739
2018-10-11,1223.5,1224.5999755859375,1196.300048828125,1198.0999755859375,126,Gold,2026-04-04 21:52:15.035739
2018-10-12,1218.0999755859375,1221.5999755859375,1216.0,1221.5999755859375,122,Gold,2026-04-04 21:52:15.035739
2018-10-15,1226.4000244140625,1232.300048828125,1222.4000244140625,1222.4000244140625,136,Gold,2026-04-04 21:52:15.035739
2018-10-16,1227.300048828125,1230.5,1227.0999755859375,1227.0999755859375,426,Gold,2026-04-04 21:52:15.035739
2018-10-17,1223.699951171875,1225.9000244140625,1223.699951171875,1225.9000244140625,1,Gold,2026-04-04 21:52:15.035739
2018-10-18,1226.5,1226.5,1226.5,1226.5,165,Gold,2026-04-04 21:52:15.035739
2018-10-19,1225.300048828125,1225.300048828125,1225.300048828125,1225.300048828125,55,Gold,2026-04-04 21:52:15.035739
2018-10-22,1221.199951171875,1224.5,1219.5999755859375,1224.5,18,Gold,2026-04-04 21:52:15.035739
2018-10-23,1233.4000244140625,1237.800048828125,1224.800048828125,1224.800048828125,33,Gold,2026-04-04 21:52:15.035739
2018-10-24,1227.800048828125,1231.5999755859375,1227.800048828125,1231.5999755859375,36,Gold,2026-04-04 21:52:15.035739
2018-10-25,1229.0999755859375,1238.5999755859375,1229.0999755859375,1238.5999755859375,7,Gold,2026-04-04 21:52:15.035739
2018-10-26,1232.5,1234.800048828125,1232.5,1234.300048828125,20,Gold,2026-04-04 21:52:15.035739
2018-10-29,1224.5,1224.5,1224.5,1224.5,214,Gold,2026-04-04 21:52:15.035739
2018-10-30,1222.5999755859375,1227.699951171875,1219.800048828125,1227.699951171875,72,Gold,2026-04-04 21:52:15.035739
2018-10-31,1212.300048828125,1216.5999755859375,1212.0,1216.0,121,Gold,2026-04-04 21:52:15.035739
2018-11-01,1236.0,1236.0,1215.4000244140625,1215.4000244140625,14,Gold,2026-04-04 21:52:15.035739
2018-11-02,1230.9000244140625,1233.300048828125,1230.9000244140625,1233.300048828125,18,Gold,2026-04-04 21:52:15.035739
2018-11-05,1229.800048828125,1231.5,1226.699951171875,1230.5999755859375,15,Gold,2026-04-04 21:52:15.035739
2018-11-06,1223.800048828125,1233.800048828125,1223.800048828125,1230.699951171875,4,Gold,2026-04-04 21:52:15.035739
2018-11-07,1226.199951171875,1228.5999755859375,1226.199951171875,1228.5999755859375,1,Gold,2026-04-04 21:52:15.035739
2018-11-08,1222.9000244140625,1222.9000244140625,1222.9000244140625,1222.9000244140625,2,Gold,2026-04-04 21:52:15.035739
2018-11-09,1206.4000244140625,1207.9000244140625,1206.4000244140625,1207.9000244140625,14,Gold,2026-04-04 21:52:15.035739
2018-11-12,1201.300048828125,1201.5999755859375,1201.300048828125,1201.5999755859375,1,Gold,2026-04-04 21:52:15.035739
2018-11-13,1199.199951171875,1201.300048828125,1196.300048828125,1196.300048828125,5,Gold,2026-04-04 21:52:15.035739
2018-11-14,1207.9000244140625,1207.9000244140625,1207.9000244140625,1207.9000244140625,0,Gold,2026-04-04 21:52:15.035739
2018-11-15,1212.800048828125,1212.800048828125,1212.800048828125,1212.800048828125,0,Gold,2026-04-04 21:52:15.035739
2018-11-16,1220.800048828125,1223.800048828125,1216.699951171875,1216.699951171875,5,Gold,2026-04-04 21:52:15.035739
2018-11-19,1223.0999755859375,1223.0999755859375,1223.0999755859375,1223.0999755859375,0,Gold,2026-04-04 21:52:15.035739
2018-11-20,1219.0,1228.800048828125,1219.0,1225.300048828125,12,Gold,2026-04-04 21:52:15.035739
2018-11-21,1225.800048828125,1225.800048828125,1225.800048828125,1225.800048828125,0,Gold,2026-04-04 21:52:15.035739
2018-11-23,1221.0,1224.800048828125,1221.0,1224.800048828125,1,Gold,2026-04-04 21:52:15.035739
2018-11-26,1220.199951171875,1222.0,1220.199951171875,1220.199951171875,2,Gold,2026-04-04 21:52:15.035739
2018-11-27,1211.199951171875,1222.0,1211.199951171875,1221.9000244140625,5,Gold,2026-04-04 21:52:15.035739
2018-11-28,1221.4000244140625,1221.4000244140625,1211.5,1211.5,247168,Gold,2026-04-04 21:52:15.035739
2018-11-29,1224.0999755859375,1228.699951171875,1220.5,1221.0,55478,Gold,2026-04-04 21:52:15.035739
2018-11-30,1220.199951171875,1225.0,1216.0999755859375,1224.0999755859375,2060,Gold,2026-04-04 21:52:15.035739
2018-12-03,1233.9000244140625,1234.0999755859375,1221.300048828125,1222.5,751,Gold,2026-04-04 21:52:15.035739
2018-12-04,1241.0999755859375,1241.4000244140625,1230.4000244140625,1231.0,474,Gold,2026-04-04 21:52:15.035739
2018-12-06,1238.0999755859375,1244.4000244140625,1234.800048828125,1237.5,434,Gold,2026-04-04 21:52:15.035739
2018-12-07,1246.800048828125,1249.800048828125,1237.5999755859375,1238.300048828125,211,Gold,2026-04-04 21:52:15.035739
2018-12-10,1243.699951171875,1249.5999755859375,1241.699951171875,1249.5999755859375,131,Gold,2026-04-04 21:52:15.035739
2018-12-11,1241.9000244140625,1248.699951171875,1241.5,1245.800048828125,117,Gold,2026-04-04 21:52:15.035739
2018-12-12,1244.4000244140625,1245.5999755859375,1244.0999755859375,1245.300048828125,84,Gold,2026-04-04 21:52:15.035739
2018-12-13,1242.699951171875,1243.5,1241.0,1243.5,194,Gold,2026-04-04 21:52:15.035739
2018-12-14,1237.0,1241.699951171875,1234.0999755859375,1241.699951171875,33,Gold,2026-04-04 21:52:15.035739
2018-12-17,1247.4000244140625,1247.4000244140625,1239.300048828125,1239.300048828125,10,Gold,2026-04-04 21:52:15.035739
2018-12-18,1249.199951171875,1249.199951171875,1245.5999755859375,1248.199951171875,31,Gold,2026-04-04 21:52:15.035739
2018-12-19,1252.0999755859375,1255.800048828125,1252.0999755859375,1255.800048828125,268,Gold,2026-04-04 21:52:15.035739
2018-12-20,1263.5999755859375,1263.5999755859375,1243.199951171875,1243.199951171875,49,Gold,2026-04-04 21:52:15.035739
2018-12-21,1253.800048828125,1261.300048828125,1253.800048828125,1260.300048828125,96,Gold,2026-04-04 21:52:15.035739
2018-12-24,1267.5,1268.5,1260.300048828125,1260.300048828125,27,Gold,2026-04-04 21:52:15.035739
2018-12-26,1269.199951171875,1277.4000244140625,1269.199951171875,1269.300048828125,63,Gold,2026-04-04 21:52:15.035739
2018-12-27,1277.300048828125,1277.300048828125,1276.699951171875,1276.699951171875,480,Gold,2026-04-04 21:52:15.035739
2018-12-28,1279.9000244140625,1280.0999755859375,1273.5,1273.5,805,Gold,2026-04-04 21:52:15.035739
2018-12-31,1278.300048828125,1281.300048828125,1277.5999755859375,1278.0,19,Gold,2026-04-04 21:52:15.035739
2019-01-02,1281.0,1286.0,1277.5999755859375,1286.0,149,Gold,2026-04-04 21:52:15.035739
2019-01-03,1291.800048828125,1292.0,1286.699951171875,1286.800048828125,10,Gold,2026-04-04 21:52:15.035739
2019-01-04,1282.699951171875,1294.199951171875,1275.300048828125,1294.199951171875,34,Gold,2026-04-04 21:52:15.035739
2019-01-07,1286.800048828125,1286.800048828125,1286.5999755859375,1286.800048828125,2,Gold,2026-04-04 21:52:15.035739
2019-01-08,1283.199951171875,1283.199951171875,1278.199951171875,1280.5,54,Gold,2026-04-04 21:52:15.035739
2019-01-09,1289.300048828125,1289.300048828125,1279.199951171875,1279.4000244140625,102,Gold,2026-04-04 21:52:15.035739
2019-01-10,1284.699951171875,1284.699951171875,1284.699951171875,1284.699951171875,0,Gold,2026-04-04 21:52:15.035739
2019-01-11,1287.0999755859375,1291.199951171875,1286.300048828125,1291.199951171875,11,Gold,2026-04-04 21:52:15.035739
2019-01-14,1289.0999755859375,1293.9000244140625,1289.0999755859375,1292.4000244140625,7,Gold,2026-04-04 21:52:15.035739
2019-01-15,1286.199951171875,1292.699951171875,1286.199951171875,1290.0999755859375,3,Gold,2026-04-04 21:52:15.035739
2019-01-16,1291.5999755859375,1291.5999755859375,1291.5999755859375,1291.5999755859375,2,Gold,2026-04-04 21:52:15.035739
2019-01-17,1291.0,1292.699951171875,1288.5,1291.5999755859375,10,Gold,2026-04-04 21:52:15.035739
2019-01-18,1281.300048828125,1281.300048828125,1281.300048828125,1281.300048828125,3,Gold,2026-04-04 21:52:15.035739
2019-01-22,1282.5,1283.300048828125,1282.5,1282.5,7,Gold,2026-04-04 21:52:15.035739
2019-01-23,1283.0999755859375,1283.9000244140625,1278.699951171875,1281.699951171875,14,Gold,2026-04-04 21:52:15.035739
2019-01-24,1279.0999755859375,1279.0999755859375,1278.5,1279.0999755859375,1,Gold,2026-04-04 21:52:15.035739
2019-01-25,1297.4000244140625,1297.4000244140625,1297.4000244140625,1297.4000244140625,0,Gold,2026-04-04 21:52:15.035739
2019-01-28,1302.4000244140625,1307.0999755859375,1298.4000244140625,1300.800048828125,54,Gold,2026-04-04 21:52:15.035739
2019-01-29,1308.199951171875,1308.199951171875,1308.199951171875,1308.199951171875,213607,Gold,2026-04-04 21:52:15.035739
2019-01-30,1309.9000244140625,1323.4000244140625,1308.0999755859375,1310.4000244140625,54958,Gold,2026-04-04 21:52:15.035739
2019-01-31,1319.699951171875,1325.4000244140625,1316.699951171875,1320.0,1970,Gold,2026-04-04 21:52:15.035739
2019-02-01,1316.9000244140625,1320.699951171875,1315.4000244140625,1320.300048828125,878,Gold,2026-04-04 21:52:15.035739
2019-02-04,1314.300048828125,1318.0999755859375,1308.300048828125,1318.0999755859375,675,Gold,2026-04-04 21:52:15.035739
2019-02-05,1314.199951171875,1315.0999755859375,1311.0,1311.0999755859375,362,Gold,2026-04-04 21:52:15.035739
2019-02-06,1309.5,1313.5,1305.0,1312.5,358,Gold,2026-04-04 21:52:15.035739
2019-02-07,1309.4000244140625,1310.4000244140625,1302.199951171875,1302.9000244140625,203,Gold,2026-04-04 21:52:15.035739
2019-02-08,1313.699951171875,1314.0,1307.800048828125,1309.5,122,Gold,2026-04-04 21:52:15.035739
2019-02-11,1307.0,1313.4000244140625,1304.699951171875,1313.4000244140625,119,Gold,2026-04-04 21:52:15.035739
2019-02-12,1309.199951171875,1312.0,1307.5999755859375,1310.0,109,Gold,2026-04-04 21:52:15.035739
2019-02-13,1310.800048828125,1316.0,1308.0999755859375,1311.5999755859375,143,Gold,2026-04-04 21:52:15.035739
2019-02-14,1309.800048828125,1311.800048828125,1301.5999755859375,1305.0,858,Gold,2026-04-04 21:52:15.035739
2019-02-15,1318.0999755859375,1318.800048828125,1313.5999755859375,1313.5999755859375,190,Gold,2026-04-04 21:52:15.035739
2019-02-19,1340.0999755859375,1340.0999755859375,1320.5,1320.9000244140625,390,Gold,2026-04-04 21:52:15.035739
2019-02-20,1343.300048828125,1344.0,1338.0,1342.199951171875,581,Gold,2026-04-04 21:52:15.035739
2019-02-21,1323.5,1334.9000244140625,1320.9000244140625,1331.300048828125,414,Gold,2026-04-04 21:52:15.035739
2019-02-22,1329.199951171875,1331.300048828125,1321.0,1324.199951171875,718,Gold,2026-04-04 21:52:15.035739
2019-02-25,1325.9000244140625,1331.5999755859375,1325.5999755859375,1329.199951171875,185,Gold,2026-04-04 21:52:15.035739
2019-02-26,1325.0999755859375,1325.5,1323.300048828125,1323.300048828125,939,Gold,2026-04-04 21:52:15.035739
2019-02-27,1317.699951171875,1327.9000244140625,1316.5,1327.699951171875,604,Gold,2026-04-04 21:52:15.035739
2019-02-28,1312.800048828125,1323.699951171875,1311.5,1321.0999755859375,141,Gold,2026-04-04 21:52:15.035739
2019-03-01,1296.4000244140625,1312.199951171875,1288.9000244140625,1312.199951171875,110,Gold,2026-04-04 21:52:15.035739
2019-03-04,1284.800048828125,1287.0,1281.9000244140625,1285.5,28,Gold,2026-04-04 21:52:15.035739
2019-03-05,1282.0,1287.0,1282.0,1287.0,114,Gold,2026-04-04 21:52:15.035739
2019-03-06,1284.9000244140625,1287.0999755859375,1282.5999755859375,1287.0999755859375,14,Gold,2026-04-04 21:52:15.035739
2019-03-07,1283.800048828125,1284.5999755859375,1281.0,1281.0,11,Gold,2026-04-04 21:52:15.035739
2019-03-08,1297.0,1297.4000244140625,1291.5999755859375,1292.0999755859375,10,Gold,2026-04-04 21:52:15.035739
2019-03-11,1288.800048828125,1291.0,1288.800048828125,1291.0,9,Gold,2026-04-04 21:52:15.035739
2019-03-12,1296.300048828125,1296.300048828125,1294.699951171875,1294.699951171875,1,Gold,2026-04-04 21:52:15.035739
2019-03-13,1307.5,1307.5,1307.5,1307.5,0,Gold,2026-04-04 21:52:15.035739
2019-03-14,1293.4000244140625,1293.4000244140625,1293.4000244140625,1293.4000244140625,1,Gold,2026-04-04 21:52:15.035739
2019-03-15,1301.800048828125,1304.699951171875,1300.5,1300.9000244140625,26,Gold,2026-04-04 21:52:15.035739
2019-03-18,1300.300048828125,1302.199951171875,1297.300048828125,1297.300048828125,8,Gold,2026-04-04 21:52:15.035739
2019-03-19,1305.0,1306.9000244140625,1304.800048828125,1306.9000244140625,20,Gold,2026-04-04 21:52:15.035739
2019-03-20,1300.5,1300.699951171875,1300.5,1300.699951171875,2,Gold,2026-04-04 21:52:15.035739
2019-03-21,1306.0999755859375,1306.0999755859375,1306.0999755859375,1306.0999755859375,0,Gold,2026-04-04 21:52:15.035739
2019-03-22,1311.5999755859375,1311.5999755859375,1311.5999755859375,1311.5999755859375,0,Gold,2026-04-04 21:52:15.035739
2019-03-25,1321.9000244140625,1322.9000244140625,1320.699951171875,1320.699951171875,19,Gold,2026-04-04 21:52:15.035739
2019-03-26,1314.300048828125,1315.5999755859375,1314.300048828125,1315.5999755859375,1,Gold,2026-04-04 21:52:15.035739
2019-03-27,1309.9000244140625,1309.9000244140625,1309.9000244140625,1309.9000244140625,206263,Gold,2026-04-04 21:52:15.035739
2019-03-28,1289.800048828125,1311.0999755859375,1287.699951171875,1308.4000244140625,87798,Gold,2026-04-04 21:52:15.035739
2019-03-29,1293.0,1298.5,1286.0999755859375,1289.5999755859375,1265,Gold,2026-04-04 21:52:15.035739
2019-04-01,1288.4000244140625,1295.9000244140625,1285.699951171875,1291.800048828125,675,Gold,2026-04-04 21:52:15.035739
2019-04-02,1290.0,1290.9000244140625,1284.5,1286.300048828125,525,Gold,2026-04-04 21:52:15.035739
2019-04-03,1289.9000244140625,1293.0999755859375,1287.5,1291.4000244140625,172,Gold,2026-04-04 21:52:15.035739
2019-04-04,1289.0,1292.5999755859375,1279.5,1290.5999755859375,269,Gold,2026-04-04 21:52:15.035739
2019-04-05,1290.4000244140625,1292.0,1283.5999755859375,1292.0,181,Gold,2026-04-04 21:52:15.035739
2019-04-08,1297.0999755859375,1302.0999755859375,1291.800048828125,1292.199951171875,63,Gold,2026-04-04 21:52:15.035739
2019-04-09,1303.5,1304.9000244140625,1298.5,1298.5,30,Gold,2026-04-04 21:52:15.035739
2019-04-10,1309.0999755859375,1309.0999755859375,1301.5,1304.0,66,Gold,2026-04-04 21:52:15.035739
2019-04-11,1288.5999755859375,1307.0999755859375,1288.5999755859375,1307.0,420,Gold,2026-04-04 21:52:15.035739
2019-04-12,1290.5999755859375,1293.4000244140625,1289.199951171875,1293.4000244140625,607,Gold,2026-04-04 21:52:15.035739
2019-04-15,1286.800048828125,1287.300048828125,1282.300048828125,1284.800048828125,523,Gold,2026-04-04 21:52:15.035739
2019-04-16,1272.5999755859375,1285.199951171875,1272.199951171875,1285.199951171875,643,Gold,2026-04-04 21:52:15.035739
2019-04-17,1272.199951171875,1273.5,1271.5999755859375,1273.5,308,Gold,2026-04-04 21:52:15.035739
2019-04-18,1271.9000244140625,1273.5999755859375,1270.0999755859375,1270.800048828125,27,Gold,2026-04-04 21:52:15.035739
2019-04-22,1273.5,1273.5,1273.5,1273.5,147,Gold,2026-04-04 21:52:15.035739
2019-04-23,1269.300048828125,1269.800048828125,1266.0,1266.4000244140625,206,Gold,2026-04-04 21:52:15.035739
2019-04-24,1275.5,1275.5,1267.800048828125,1268.4000244140625,518,Gold,2026-04-04 21:52:15.035739
2019-04-25,1275.800048828125,1280.800048828125,1275.800048828125,1280.5999755859375,95,Gold,2026-04-04 21:52:15.035739
2019-04-26,1284.9000244140625,1284.9000244140625,1284.9000244140625,1284.9000244140625,804,Gold,2026-04-04 21:52:15.035739
2019-04-29,1278.5999755859375,1284.9000244140625,1277.0999755859375,1284.800048828125,568,Gold,2026-04-04 21:52:15.035739
2019-04-30,1282.800048828125,1283.300048828125,1280.800048828125,1281.699951171875,114,Gold,2026-04-04 21:52:15.035739
2019-05-01,1281.4000244140625,1283.300048828125,1278.699951171875,1278.699951171875,70,Gold,2026-04-04 21:52:15.035739
2019-05-02,1269.699951171875,1270.800048828125,1266.5999755859375,1269.199951171875,63,Gold,2026-04-04 21:52:15.035739
2019-05-03,1279.199951171875,1279.199951171875,1270.0999755859375,1270.0999755859375,15,Gold,2026-04-04 21:52:15.035739
2019-05-06,1281.699951171875,1282.199951171875,1280.300048828125,1282.199951171875,12,Gold,2026-04-04 21:52:15.035739
2019-05-07,1283.5,1283.5,1280.5,1280.5,8,Gold,2026-04-04 21:52:15.035739
2019-05-08,1279.4000244140625,1279.4000244140625,1279.4000244140625,1279.4000244140625,5,Gold,2026-04-04 21:52:15.035739
2019-05-09,1283.5,1285.0,1278.800048828125,1278.9000244140625,38,Gold,2026-04-04 21:52:15.035739
2019-05-10,1285.699951171875,1286.5,1283.300048828125,1285.4000244140625,6,Gold,2026-04-04 21:52:15.035739
2019-05-13,1300.0999755859375,1300.0999755859375,1281.800048828125,1286.699951171875,56,Gold,2026-04-04 21:52:15.035739
2019-05-14,1294.699951171875,1297.800048828125,1294.699951171875,1297.800048828125,6,Gold,2026-04-04 21:52:15.035739
2019-05-15,1296.300048828125,1296.9000244140625,1296.0,1296.9000244140625,55,Gold,2026-04-04 21:52:15.035739
2019-05-16,1285.0,1285.4000244140625,1285.0,1285.199951171875,3,Gold,2026-04-04 21:52:15.035739
2019-05-17,1274.5,1280.0,1274.5,1280.0,1,Gold,2026-04-04 21:52:15.035739
2019-05-20,1276.0999755859375,1276.0999755859375,1276.0999755859375,1276.0999755859375,20,Gold,2026-04-04 21:52:15.035739
2019-05-21,1272.0,1272.0,1272.0,1272.0,0,Gold,2026-04-04 21:52:15.035739
2019-05-22,1273.5999755859375,1273.5999755859375,1273.5999755859375,1273.5999755859375,0,Gold,2026-04-04 21:52:15.035739
2019-05-23,1284.800048828125,1284.800048828125,1284.800048828125,1284.800048828125,0,Gold,2026-04-04 21:52:15.035739
2019-05-24,1283.0,1283.0,1283.0,1283.0,9,Gold,2026-04-04 21:52:15.035739
2019-05-28,1276.5,1276.5,1276.5,1276.5,0,Gold,2026-04-04 21:52:15.035739
2019-05-29,1280.5999755859375,1280.5999755859375,1280.5999755859375,1280.5999755859375,189694,Gold,2026-04-04 21:52:15.035739
2019-05-30,1287.0999755859375,1288.300048828125,1273.9000244140625,1279.4000244140625,55573,Gold,2026-04-04 21:52:15.035739
2019-05-31,1305.800048828125,1306.4000244140625,1287.5,1287.699951171875,2814,Gold,2026-04-04 21:52:15.035739
2019-06-03,1322.699951171875,1327.800048828125,1307.0,1307.0,812,Gold,2026-04-04 21:52:15.035739
2019-06-04,1323.4000244140625,1328.5999755859375,1320.800048828125,1324.300048828125,302,Gold,2026-04-04 21:52:15.035739
2019-06-05,1328.300048828125,1343.300048828125,1326.300048828125,1328.9000244140625,622,Gold,2026-04-04 21:52:15.035739
2019-06-06,1337.5999755859375,1338.699951171875,1326.199951171875,1330.800048828125,161,Gold,2026-04-04 21:52:15.035739
2019-06-07,1341.199951171875,1347.699951171875,1329.800048828125,1333.0999755859375,240,Gold,2026-04-04 21:52:15.035739
2019-06-10,1324.699951171875,1336.5,1324.0999755859375,1335.800048828125,268,Gold,2026-04-04 21:52:15.035739
2019-06-11,1326.4000244140625,1328.4000244140625,1319.0999755859375,1328.4000244140625,201,Gold,2026-04-04 21:52:15.035739
2019-06-12,1331.9000244140625,1334.5,1326.9000244140625,1326.9000244140625,139,Gold,2026-04-04 21:52:15.035739
2019-06-13,1339.199951171875,1341.0999755859375,1331.5999755859375,1331.5999755859375,157,Gold,2026-04-04 21:52:15.035739
2019-06-14,1340.0999755859375,1355.4000244140625,1339.300048828125,1345.4000244140625,914,Gold,2026-04-04 21:52:15.035739
2019-06-17,1338.699951171875,1340.300048828125,1335.0,1339.0,76,Gold,2026-04-04 21:52:15.035739
2019-06-18,1346.5999755859375,1349.300048828125,1341.5999755859375,1349.300048828125,29,Gold,2026-04-04 21:52:15.035739
2019-06-19,1344.5999755859375,1344.5999755859375,1344.0,1344.0,129,Gold,2026-04-04 21:52:15.035739
2019-06-20,1392.9000244140625,1392.9000244140625,1379.5,1381.5,76,Gold,2026-04-04 21:52:15.035739
2019-06-21,1396.199951171875,1406.0,1390.300048828125,1406.0,35,Gold,2026-04-04 21:52:15.035739
2019-06-24,1414.300048828125,1420.5999755859375,1402.0999755859375,1406.0,125,Gold,2026-04-04 21:52:15.035739
2019-06-25,1414.9000244140625,1433.300048828125,1414.9000244140625,1418.0999755859375,105,Gold,2026-04-04 21:52:15.035739
2019-06-26,1411.5999755859375,1413.300048828125,1405.800048828125,1407.199951171875,1333,Gold,2026-04-04 21:52:15.035739
2019-06-27,1408.4000244140625,1410.800048828125,1399.800048828125,1407.0,437,Gold,2026-04-04 21:52:15.035739
2019-06-28,1409.699951171875,1422.0,1408.300048828125,1408.300048828125,356,Gold,2026-04-04 21:52:15.035739
2019-07-01,1385.5999755859375,1395.800048828125,1382.800048828125,1386.5999755859375,214,Gold,2026-04-04 21:52:15.035739
2019-07-02,1404.5999755859375,1418.4000244140625,1390.800048828125,1391.0999755859375,38,Gold,2026-04-04 21:52:15.035739
2019-07-03,1417.699951171875,1434.0,1413.0999755859375,1431.0,46,Gold,2026-04-04 21:52:15.035739
2019-07-05,1396.699951171875,1418.300048828125,1390.199951171875,1418.300048828125,20,Gold,2026-04-04 21:52:15.035739
2019-07-08,1397.0,1397.0,1393.5999755859375,1395.9000244140625,14,Gold,2026-04-04 21:52:15.035739
2019-07-09,1397.5,1397.5,1386.199951171875,1394.5,53,Gold,2026-04-04 21:52:15.035739
2019-07-10,1410.0999755859375,1410.0999755859375,1409.9000244140625,1409.9000244140625,50,Gold,2026-04-04 21:52:15.035739
2019-07-11,1404.300048828125,1424.0,1404.300048828125,1424.0,6,Gold,2026-04-04 21:52:15.035739
2019-07-12,1409.9000244140625,1410.0999755859375,1405.5999755859375,1405.5999755859375,8,Gold,2026-04-04 21:52:15.035739
2019-07-15,1411.4000244140625,1415.0,1411.4000244140625,1414.4000244140625,25,Gold,2026-04-04 21:52:15.035739
2019-07-16,1409.199951171875,1413.699951171875,1405.0,1413.5999755859375,13,Gold,2026-04-04 21:52:15.035739
2019-07-17,1421.300048828125,1421.300048828125,1404.5999755859375,1404.5999755859375,6,Gold,2026-04-04 21:52:15.035739
2019-07-18,1426.0999755859375,1444.199951171875,1419.5,1422.300048828125,66,Gold,2026-04-04 21:52:15.035739
2019-07-19,1425.0999755859375,1442.0,1425.0999755859375,1440.5,22,Gold,2026-04-04 21:52:15.035739
2019-07-22,1425.300048828125,1425.300048828125,1424.0,1425.300048828125,1,Gold,2026-04-04 21:52:15.035739
2019-07-23,1420.0999755859375,1421.300048828125,1416.300048828125,1418.5999755859375,5,Gold,2026-04-04 21:52:15.035739
2019-07-24,1422.800048828125,1422.800048828125,1422.800048828125,1422.800048828125,20,Gold,2026-04-04 21:52:15.035739
2019-07-25,1413.9000244140625,1413.9000244140625,1413.9000244140625,1413.9000244140625,4,Gold,2026-04-04 21:52:15.035739
2019-07-26,1418.5,1423.0,1418.5,1422.800048828125,5,Gold,2026-04-04 21:52:15.035739
2019-07-29,1419.5999755859375,1419.5999755859375,1419.5999755859375,1419.5999755859375,224267,Gold,2026-04-04 21:52:15.035739
2019-07-30,1429.699951171875,1433.9000244140625,1422.0999755859375,1426.300048828125,73874,Gold,2026-04-04 21:52:15.035739
2019-07-31,1426.0999755859375,1435.800048828125,1411.199951171875,1431.300048828125,3294,Gold,2026-04-04 21:52:15.035739
2019-08-01,1420.9000244140625,1445.199951171875,1400.9000244140625,1411.300048828125,2431,Gold,2026-04-04 21:52:15.035739
2019-08-02,1445.5999755859375,1448.0,1432.300048828125,1448.0,1873,Gold,2026-04-04 21:52:15.035739
2019-08-05,1464.5999755859375,1469.699951171875,1440.4000244140625,1440.4000244140625,1008,Gold,2026-04-04 21:52:15.035739
2019-08-06,1472.4000244140625,1475.0,1457.699951171875,1469.699951171875,460,Gold,2026-04-04 21:52:15.035739
2019-08-07,1507.300048828125,1509.9000244140625,1473.199951171875,1473.5,824,Gold,2026-04-04 21:52:15.035739
2019-08-08,1497.699951171875,1508.5,1492.0,1498.4000244140625,367,Gold,2026-04-04 21:52:15.035739
2019-08-09,1496.5999755859375,1507.5,1495.5999755859375,1506.199951171875,74,Gold,2026-04-04 21:52:15.035739
2019-08-12,1505.300048828125,1514.9000244140625,1488.0999755859375,1496.0,257,Gold,2026-04-04 21:52:15.035739
2019-08-13,1502.199951171875,1531.4000244140625,1483.699951171875,1510.4000244140625,672,Gold,2026-04-04 21:52:15.035739
2019-08-14,1515.9000244140625,1520.5,1497.0,1500.0,328,Gold,2026-04-04 21:52:15.035739
2019-08-15,1519.5999755859375,1522.699951171875,1510.5999755859375,1519.800048828125,87,Gold,2026-04-04 21:52:15.035739
2019-08-16,1512.5,1524.5999755859375,1504.699951171875,1524.5999755859375,1815,Gold,2026-04-04 21:52:15.035739
2019-08-19,1500.4000244140625,1507.5999755859375,1492.9000244140625,1507.199951171875,205,Gold,2026-04-04 21:52:15.035739
2019-08-20,1504.5999755859375,1506.0999755859375,1497.5,1497.5,486,Gold,2026-04-04 21:52:15.035739
2019-08-21,1504.5999755859375,1505.0,1498.800048828125,1504.9000244140625,350,Gold,2026-04-04 21:52:15.035739
2019-08-22,1497.300048828125,1497.300048828125,1493.800048828125,1495.0999755859375,686,Gold,2026-04-04 21:52:15.035739
2019-08-23,1526.5999755859375,1527.5999755859375,1493.5,1493.5,983,Gold,2026-04-04 21:52:15.035739
2019-08-26,1526.300048828125,1543.300048828125,1524.300048828125,1543.199951171875,334,Gold,2026-04-04 21:52:15.035739
2019-08-27,1541.0,1542.0999755859375,1528.5,1530.5,166,Gold,2026-04-04 21:52:15.035739
2019-08-28,1537.800048828125,1538.0999755859375,1537.800048828125,1538.0999755859375,2756,Gold,2026-04-04 21:52:15.035739
2019-08-29,1526.5,1549.300048828125,1519.5999755859375,1537.5,704,Gold,2026-04-04 21:52:15.035739
2019-08-30,1519.0999755859375,1530.4000244140625,1516.699951171875,1524.5999755859375,276,Gold,2026-04-04 21:52:15.035739
2019-09-03,1545.9000244140625,1547.300048828125,1521.0,1522.9000244140625,139,Gold,2026-04-04 21:52:15.035739
2019-09-04,1550.300048828125,1553.199951171875,1534.800048828125,1549.0,46,Gold,2026-04-04 21:52:15.035739
2019-09-05,1515.4000244140625,1551.0999755859375,1511.0999755859375,1551.0,125,Gold,2026-04-04 21:52:15.035739
2019-09-06,1506.199951171875,1526.0,1504.5,1517.300048828125,54,Gold,2026-04-04 21:52:15.035739
2019-09-09,1502.199951171875,1513.0,1498.0,1509.0,69,Gold,2026-04-04 21:52:15.035739
2019-09-10,1490.300048828125,1498.5,1486.9000244140625,1498.5,23,Gold,2026-04-04 21:52:15.035739
2019-09-11,1494.4000244140625,1496.5999755859375,1490.199951171875,1491.699951171875,8,Gold,2026-04-04 21:52:15.035739
2019-09-12,1498.699951171875,1515.4000244140625,1498.699951171875,1499.5,27,Gold,2026-04-04 21:52:15.035739
2019-09-13,1490.9000244140625,1490.9000244140625,1486.9000244140625,1490.9000244140625,1,Gold,2026-04-04 21:52:15.035739
2019-09-16,1503.0999755859375,1506.800048828125,1496.9000244140625,1506.5999755859375,21,Gold,2026-04-04 21:52:15.035739
2019-09-17,1505.0999755859375,1505.0999755859375,1497.9000244140625,1497.9000244140625,3,Gold,2026-04-04 21:52:15.035739
2019-09-18,1507.5,1509.4000244140625,1489.300048828125,1508.9000244140625,8,Gold,2026-04-04 21:52:15.035739
2019-09-19,1498.4000244140625,1502.4000244140625,1496.0999755859375,1496.0999755859375,10,Gold,2026-04-04 21:52:15.035739
2019-09-20,1507.300048828125,1507.300048828125,1503.0,1503.0,2,Gold,2026-04-04 21:52:15.035739
2019-09-23,1523.699951171875,1523.699951171875,1515.5,1515.5,5,Gold,2026-04-04 21:52:15.035739
2019-09-24,1532.0999755859375,1533.0,1515.0999755859375,1515.0999755859375,25,Gold,2026-04-04 21:52:15.035739
2019-09-25,1504.5999755859375,1527.9000244140625,1504.5999755859375,1527.5999755859375,25,Gold,2026-04-04 21:52:15.035739
2019-09-26,1507.5,1507.5,1507.5,1507.5,8178,Gold,2026-04-04 21:52:15.035739
2019-09-27,1499.0999755859375,1506.0999755859375,1485.5999755859375,1504.199951171875,7827,Gold,2026-04-04 21:52:15.035739
2019-09-30,1465.699951171875,1495.9000244140625,1463.5,1495.9000244140625,1078,Gold,2026-04-04 21:52:15.035739
2019-10-01,1482.0,1485.5,1458.300048828125,1468.699951171875,219,Gold,2026-04-04 21:52:15.035739
2019-10-02,1501.0,1503.699951171875,1474.0999755859375,1476.5999755859375,205,Gold,2026-04-04 21:52:15.035739
2019-10-03,1507.0999755859375,1518.199951171875,1496.5999755859375,1497.4000244140625,1213,Gold,2026-04-04 21:52:15.035739
2019-10-04,1506.199951171875,1508.699951171875,1497.0999755859375,1505.5999755859375,233,Gold,2026-04-04 21:52:15.035739
2019-10-07,1497.699951171875,1505.800048828125,1489.0999755859375,1504.800048828125,121,Gold,2026-04-04 21:52:15.035739
2019-10-08,1497.199951171875,1506.300048828125,1489.300048828125,1489.4000244140625,46,Gold,2026-04-04 21:52:15.035739
2019-10-09,1506.0999755859375,1507.699951171875,1498.4000244140625,1507.699951171875,120,Gold,2026-04-04 21:52:15.035739
2019-10-10,1494.800048828125,1511.199951171875,1490.5999755859375,1511.199951171875,78,Gold,2026-04-04 21:52:15.035739
2019-10-11,1482.699951171875,1494.9000244140625,1476.9000244140625,1491.9000244140625,57,Gold,2026-04-04 21:52:15.035739
2019-10-14,1491.699951171875,1493.5,1481.300048828125,1484.4000244140625,400,Gold,2026-04-04 21:52:15.035739
2019-10-15,1477.5999755859375,1495.4000244140625,1476.5999755859375,1488.9000244140625,367,Gold,2026-04-04 21:52:15.035739
2019-10-16,1488.0,1488.0,1480.0,1482.0,383,Gold,2026-04-04 21:52:15.035739
2019-10-17,1492.300048828125,1493.199951171875,1485.800048828125,1486.199951171875,271,Gold,2026-04-04 21:52:15.035739
2019-10-18,1488.199951171875,1489.0999755859375,1486.5999755859375,1487.300048828125,82,Gold,2026-04-04 21:52:15.035739
2019-10-21,1482.4000244140625,1489.9000244140625,1481.5,1489.9000244140625,72,Gold,2026-04-04 21:52:15.035739
2019-10-22,1481.699951171875,1483.5,1481.699951171875,1483.4000244140625,99,Gold,2026-04-04 21:52:15.035739
2019-10-23,1489.9000244140625,1490.300048828125,1486.4000244140625,1486.4000244140625,67,Gold,2026-04-04 21:52:15.035739
2019-10-24,1498.9000244140625,1501.199951171875,1485.9000244140625,1490.5,115,Gold,2026-04-04 21:52:15.035739
2019-10-25,1499.5,1514.300048828125,1499.0,1501.4000244140625,93,Gold,2026-04-04 21:52:15.035739
2019-10-28,1490.0,1504.0999755859375,1490.0,1504.0999755859375,37,Gold,2026-04-04 21:52:15.035739
2019-10-29,1487.0,1487.0,1485.9000244140625,1485.9000244140625,425,Gold,2026-04-04 21:52:15.035739
2019-10-30,1493.199951171875,1495.4000244140625,1481.0,1487.199951171875,320,Gold,2026-04-04 21:52:15.035739
2019-10-31,1511.4000244140625,1513.0999755859375,1496.0999755859375,1496.0999755859375,210,Gold,2026-04-04 21:52:15.035739
2019-11-01,1508.0,1511.5999755859375,1503.0,1511.0,235,Gold,2026-04-04 21:52:15.035739
2019-11-04,1508.0,1511.5999755859375,1508.0,1511.5999755859375,101,Gold,2026-04-04 21:52:15.035739
2019-11-05,1480.800048828125,1507.0999755859375,1480.800048828125,1507.0999755859375,31,Gold,2026-04-04 21:52:15.035739
2019-11-06,1490.199951171875,1491.0,1483.199951171875,1483.199951171875,567,Gold,2026-04-04 21:52:15.035739
2019-11-07,1464.199951171875,1489.0999755859375,1464.199951171875,1489.0999755859375,581,Gold,2026-04-04 21:52:15.035739
2019-11-08,1461.300048828125,1469.0999755859375,1461.300048828125,1469.0999755859375,21,Gold,2026-04-04 21:52:15.035739
2019-11-11,1455.5,1461.0,1449.300048828125,1461.0,22,Gold,2026-04-04 21:52:15.035739
2019-11-12,1452.0999755859375,1454.9000244140625,1447.0999755859375,1454.9000244140625,6,Gold,2026-04-04 21:52:15.035739
2019-11-13,1461.699951171875,1463.300048828125,1456.800048828125,1456.800048828125,56,Gold,2026-04-04 21:52:15.035739
2019-11-14,1471.800048828125,1471.800048828125,1463.699951171875,1463.800048828125,83,Gold,2026-04-04 21:52:15.035739
2019-11-15,1467.300048828125,1469.0999755859375,1467.300048828125,1469.0999755859375,13,Gold,2026-04-04 21:52:15.035739
2019-11-18,1470.9000244140625,1472.0,1469.699951171875,1472.0,141,Gold,2026-04-04 21:52:15.035739
2019-11-19,1473.300048828125,1474.300048828125,1467.699951171875,1467.699951171875,18,Gold,2026-04-04 21:52:15.035739
2019-11-20,1473.300048828125,1474.5,1467.300048828125,1472.5999755859375,31,Gold,2026-04-04 21:52:15.035739
2019-11-21,1463.0999755859375,1463.0999755859375,1463.0999755859375,1463.0999755859375,16,Gold,2026-04-04 21:52:15.035739
2019-11-22,1463.0999755859375,1468.5999755859375,1463.0999755859375,1468.5999755859375,19,Gold,2026-04-04 21:52:15.035739
2019-11-25,1456.5999755859375,1457.0999755859375,1455.5,1457.0999755859375,14,Gold,2026-04-04 21:52:15.035739
2019-11-26,1459.800048828125,1459.800048828125,1459.800048828125,1459.800048828125,346362,Gold,2026-04-04 21:52:15.035739
2019-11-27,1453.4000244140625,1461.9000244140625,1452.0,1461.0999755859375,88364,Gold,2026-04-04 21:52:15.035739
2019-11-29,1465.5999755859375,1465.5999755859375,1452.0999755859375,1453.5999755859375,7020,Gold,2026-04-04 21:52:15.035739
2019-12-02,1462.300048828125,1464.4000244140625,1453.300048828125,1462.800048828125,2172,Gold,2026-04-04 21:52:15.035739
2019-12-03,1478.199951171875,1480.4000244140625,1459.5,1461.5999755859375,1460,Gold,2026-04-04 21:52:15.035739
2019-12-04,1474.0,1483.4000244140625,1471.199951171875,1477.5,613,Gold,2026-04-04 21:52:15.035739
2019-12-05,1476.9000244140625,1478.0,1472.300048828125,1474.699951171875,907,Gold,2026-04-04 21:52:15.035739
2019-12-06,1459.0999755859375,1476.0,1458.199951171875,1475.0,899,Gold,2026-04-04 21:52:15.035739
2019-12-09,1459.300048828125,1464.199951171875,1458.5999755859375,1458.800048828125,1461,Gold,2026-04-04 21:52:15.035739
2019-12-10,1462.5999755859375,1467.199951171875,1460.699951171875,1460.699951171875,367,Gold,2026-04-04 21:52:15.035739
2019-12-11,1469.4000244140625,1475.4000244140625,1463.0999755859375,1463.0999755859375,393,Gold,2026-04-04 21:52:15.035739
2019-12-12,1466.699951171875,1483.9000244140625,1463.699951171875,1475.0999755859375,955,Gold,2026-04-04 21:52:15.035739
2019-12-13,1475.5999755859375,1475.9000244140625,1463.0999755859375,1463.0999755859375,468,Gold,2026-04-04 21:52:15.035739
2019-12-16,1475.0,1475.300048828125,1473.800048828125,1473.800048828125,99,Gold,2026-04-04 21:52:15.035739
2019-12-17,1474.5999755859375,1476.9000244140625,1474.0,1474.0999755859375,410,Gold,2026-04-04 21:52:15.035739
2019-12-18,1472.5999755859375,1472.5999755859375,1472.5999755859375,1472.5999755859375,250,Gold,2026-04-04 21:52:15.035739
2019-12-19,1478.199951171875,1478.9000244140625,1473.300048828125,1475.9000244140625,319,Gold,2026-04-04 21:52:15.035739
2019-12-20,1474.699951171875,1478.0999755859375,1474.699951171875,1476.699951171875,118,Gold,2026-04-04 21:52:15.035739
2019-12-23,1482.5,1482.5,1479.9000244140625,1482.300048828125,391,Gold,2026-04-04 21:52:15.035739
2019-12-24,1499.0999755859375,1499.0999755859375,1488.699951171875,1488.699951171875,52,Gold,2026-04-04 21:52:15.035739
2019-12-26,1509.300048828125,1512.300048828125,1505.0,1505.199951171875,126,Gold,2026-04-04 21:52:15.035739
2019-12-27,1513.800048828125,1513.800048828125,1513.800048828125,1513.800048828125,839,Gold,2026-04-04 21:52:15.035739
2019-12-30,1514.5,1515.0999755859375,1510.0,1512.5999755859375,446,Gold,2026-04-04 21:52:15.035739
2019-12-31,1519.5,1523.4000244140625,1513.800048828125,1513.800048828125,301,Gold,2026-04-04 21:52:15.035739
2020-01-02,1524.5,1528.699951171875,1518.0,1518.0999755859375,214,Gold,2026-04-04 21:52:15.035739
2020-01-03,1549.199951171875,1552.699951171875,1530.0999755859375,1530.0999755859375,107,Gold,2026-04-04 21:52:15.035739
2020-01-06,1566.199951171875,1580.0,1560.4000244140625,1580.0,416,Gold,2026-04-04 21:52:15.035739
2020-01-07,1571.800048828125,1576.300048828125,1558.300048828125,1558.300048828125,47,Gold,2026-04-04 21:52:15.035739
2020-01-08,1557.4000244140625,1604.199951171875,1552.300048828125,1579.699951171875,236,Gold,2026-04-04 21:52:15.035739
2020-01-09,1551.699951171875,1555.699951171875,1543.300048828125,1555.699951171875,54,Gold,2026-04-04 21:52:15.035739
2020-01-10,1557.5,1558.800048828125,1545.4000244140625,1551.199951171875,16,Gold,2026-04-04 21:52:15.035739
2020-01-13,1548.4000244140625,1558.0,1548.4000244140625,1557.4000244140625,48,Gold,2026-04-04 21:52:15.035739
2020-01-14,1542.4000244140625,1546.699951171875,1534.9000244140625,1546.699951171875,32,Gold,2026-04-04 21:52:15.035739
2020-01-15,1552.0999755859375,1553.9000244140625,1545.5999755859375,1548.0,11,Gold,2026-04-04 21:52:15.035739
2020-01-16,1549.0,1556.0999755859375,1548.5,1555.699951171875,98,Gold,2026-04-04 21:52:15.035739
2020-01-17,1558.800048828125,1558.800048828125,1553.5999755859375,1554.0999755859375,108,Gold,2026-04-04 21:52:15.035739
2020-01-21,1556.4000244140625,1566.199951171875,1551.0,1559.300048828125,45,Gold,2026-04-04 21:52:15.035739
2020-01-22,1555.300048828125,1557.0999755859375,1549.800048828125,1549.800048828125,42,Gold,2026-04-04 21:52:15.035739
2020-01-23,1564.5999755859375,1564.5999755859375,1552.199951171875,1553.0999755859375,15,Gold,2026-04-04 21:52:15.035739
2020-01-24,1571.0999755859375,1571.0999755859375,1556.300048828125,1556.300048828125,43,Gold,2026-04-04 21:52:15.035739
2020-01-27,1576.800048828125,1584.5,1576.800048828125,1584.300048828125,22,Gold,2026-04-04 21:52:15.035739
2020-01-28,1569.199951171875,1576.4000244140625,1569.199951171875,1576.4000244140625,3,Gold,2026-04-04 21:52:15.035739
2020-01-29,1569.800048828125,1569.800048828125,1569.800048828125,1569.800048828125,251274,Gold,2026-04-04 21:52:15.035739
2020-01-30,1583.5,1585.0,1571.4000244140625,1576.800048828125,62336,Gold,2026-04-04 21:52:15.035739
2020-01-31,1582.9000244140625,1589.0,1570.0,1573.4000244140625,1095,Gold,2026-04-04 21:52:15.035739
2020-02-03,1577.199951171875,1593.300048828125,1568.199951171875,1592.9000244140625,1062,Gold,2026-04-04 21:52:15.035739
2020-02-04,1550.4000244140625,1577.699951171875,1547.800048828125,1577.699951171875,978,Gold,2026-04-04 21:52:15.035739
2020-02-05,1557.800048828125,1560.699951171875,1547.699951171875,1553.199951171875,1305,Gold,2026-04-04 21:52:15.035739
2020-02-06,1565.0999755859375,1565.5999755859375,1551.5999755859375,1553.5999755859375,110,Gold,2026-04-04 21:52:15.035739
2020-02-07,1568.5999755859375,1571.9000244140625,1560.5,1564.9000244140625,431,Gold,2026-04-04 21:52:15.035739
2020-02-10,1574.699951171875,1574.699951171875,1568.5999755859375,1569.300048828125,128,Gold,2026-04-04 21:52:15.035739
2020-02-11,1565.5999755859375,1571.0999755859375,1561.9000244140625,1570.9000244140625,440,Gold,2026-04-04 21:52:15.035739
2020-02-12,1567.4000244140625,1568.699951171875,1561.0,1565.199951171875,36,Gold,2026-04-04 21:52:15.035739
2020-02-13,1575.0999755859375,1575.0999755859375,1570.199951171875,1570.199951171875,74,Gold,2026-04-04 21:52:15.035739
2020-02-14,1582.699951171875,1582.699951171875,1574.800048828125,1575.800048828125,68,Gold,2026-04-04 21:52:15.035739
2020-02-18,1600.0,1604.300048828125,1579.800048828125,1579.800048828125,310,Gold,2026-04-04 21:52:15.035739
2020-02-19,1607.5,1610.5,1599.699951171875,1600.5999755859375,542,Gold,2026-04-04 21:52:15.035739
2020-02-20,1616.5999755859375,1621.0,1603.0,1606.5,117,Gold,2026-04-04 21:52:15.035739
2020-02-21,1644.5999755859375,1645.0,1619.300048828125,1619.300048828125,186,Gold,2026-04-04 21:52:15.035739
2020-02-24,1672.4000244140625,1686.5999755859375,1650.0,1657.0,435,Gold,2026-04-04 21:52:15.035739
2020-02-25,1646.9000244140625,1653.699951171875,1632.300048828125,1645.0999755859375,409,Gold,2026-04-04 21:52:15.035739
2020-02-26,1640.0,1648.0999755859375,1636.4000244140625,1644.0,1990,Gold,2026-04-04 21:52:15.035739
2020-02-27,1640.0,1658.0,1638.5,1641.0999755859375,707,Gold,2026-04-04 21:52:15.035739
2020-02-28,1564.0999755859375,1642.5,1564.0999755859375,1640.300048828125,289,Gold,2026-04-04 21:52:15.035739
2020-03-02,1592.300048828125,1608.300048828125,1574.300048828125,1583.9000244140625,537,Gold,2026-04-04 21:52:15.035739
2020-03-03,1642.0999755859375,1645.300048828125,1594.0,1594.5,610,Gold,2026-04-04 21:52:15.035739
2020-03-04,1641.0999755859375,1645.9000244140625,1631.300048828125,1645.4000244140625,83,Gold,2026-04-04 21:52:15.035739
2020-03-05,1666.4000244140625,1672.9000244140625,1637.199951171875,1637.300048828125,154,Gold,2026-04-04 21:52:15.035739
2020-03-06,1670.800048828125,1686.199951171875,1647.199951171875,1670.800048828125,175,Gold,2026-04-04 21:52:15.035739
2020-03-09,1674.5,1701.5999755859375,1657.699951171875,1696.0999755859375,161,Gold,2026-04-04 21:52:15.035739
2020-03-10,1659.0999755859375,1674.5999755859375,1643.0,1671.5999755859375,48,Gold,2026-04-04 21:52:15.035739
2020-03-11,1641.4000244140625,1666.5,1635.0,1656.5999755859375,47,Gold,2026-04-04 21:52:15.035739
2020-03-12,1589.300048828125,1647.5,1566.4000244140625,1637.0,256,Gold,2026-04-04 21:52:15.035739
2020-03-13,1515.699951171875,1589.800048828125,1513.800048828125,1574.9000244140625,89,Gold,2026-04-04 21:52:15.035739
2020-03-16,1485.9000244140625,1569.0999755859375,1452.0999755859375,1569.0999755859375,193,Gold,2026-04-04 21:52:15.035739
2020-03-17,1524.9000244140625,1537.699951171875,1469.300048828125,1469.300048828125,122,Gold,2026-04-04 21:52:15.035739
2020-03-18,1477.300048828125,1542.0,1477.300048828125,1537.5,333,Gold,2026-04-04 21:52:15.035739
2020-03-19,1478.5999755859375,1491.5999755859375,1471.0,1481.5,262,Gold,2026-04-04 21:52:15.035739
2020-03-20,1484.0,1484.0,1483.5,1483.5,14,Gold,2026-04-04 21:52:15.035739
2020-03-23,1567.0,1567.0,1490.199951171875,1505.300048828125,51,Gold,2026-04-04 21:52:15.035739
2020-03-24,1660.199951171875,1685.5,1592.699951171875,1592.699951171875,442,Gold,2026-04-04 21:52:15.035739
2020-03-25,1632.300048828125,1676.5,1631.0999755859375,1676.5,476,Gold,2026-04-04 21:52:15.035739
2020-03-26,1650.0999755859375,1660.5,1650.0999755859375,1660.5,3,Gold,2026-04-04 21:52:15.035739
2020-03-27,1623.9000244140625,1623.9000244140625,1623.9000244140625,1623.9000244140625,100638,Gold,2026-04-04 21:52:15.035739
2020-03-30,1622.0,1652.800048828125,1607.199951171875,1641.199951171875,16389,Gold,2026-04-04 21:52:15.035739
2020-03-31,1583.4000244140625,1621.0,1576.0,1618.699951171875,2874,Gold,2026-04-04 21:52:15.035739
2020-04-01,1578.199951171875,1600.0,1570.0,1570.0,2158,Gold,2026-04-04 21:52:15.035739
2020-04-02,1625.699951171875,1631.199951171875,1586.0,1590.9000244140625,1294,Gold,2026-04-04 21:52:15.035739
2020-04-03,1633.699951171875,1636.0,1619.800048828125,1624.5,643,Gold,2026-04-04 21:52:15.035739
2020-04-06,1677.0,1696.699951171875,1625.9000244140625,1629.0999755859375,1063,Gold,2026-04-04 21:52:15.035739
2020-04-07,1664.800048828125,1724.4000244140625,1658.0,1695.699951171875,1144,Gold,2026-04-04 21:52:15.035739
2020-04-08,1665.4000244140625,1677.0,1662.5,1669.699951171875,747,Gold,2026-04-04 21:52:15.035739
2020-04-09,1736.199951171875,1736.199951171875,1662.699951171875,1662.699951171875,825,Gold,2026-04-04 21:52:15.035739
2020-04-13,1744.800048828125,1756.800048828125,1710.699951171875,1722.0,696,Gold,2026-04-04 21:52:15.035739
2020-04-14,1756.699951171875,1775.0,1739.5,1756.800048828125,675,Gold,2026-04-04 21:52:15.035739
2020-04-15,1727.199951171875,1744.9000244140625,1722.699951171875,1739.4000244140625,642,Gold,2026-04-04 21:52:15.035739
2020-04-16,1720.4000244140625,1750.5999755859375,1715.0,1731.0,162,Gold,2026-04-04 21:52:15.035739
2020-04-17,1689.199951171875,1725.0,1684.9000244140625,1715.699951171875,223,Gold,2026-04-04 21:52:15.035739
2020-04-20,1701.5999755859375,1701.5999755859375,1680.0,1686.0,106,Gold,2026-04-04 21:52:15.035739
2020-04-21,1678.199951171875,1707.0999755859375,1659.9000244140625,1697.0,666,Gold,2026-04-04 21:52:15.035739
2020-04-22,1728.699951171875,1728.699951171875,1684.800048828125,1696.0,453,Gold,2026-04-04 21:52:15.035739
2020-04-23,1733.300048828125,1745.0999755859375,1733.300048828125,1734.0,482,Gold,2026-04-04 21:52:15.035739
2020-04-24,1723.5,1744.0,1714.5,1744.0,221,Gold,2026-04-04 21:52:15.035739
2020-04-27,1711.9000244140625,1731.9000244140625,1711.9000244140625,1731.9000244140625,169,Gold,2026-04-04 21:52:15.035739
2020-04-28,1710.5,1716.5999755859375,1707.0999755859375,1716.5999755859375,1255,Gold,2026-04-04 21:52:15.035739
2020-04-29,1703.4000244140625,1713.5,1702.0,1710.0,373,Gold,2026-04-04 21:52:15.035739
2020-04-30,1684.199951171875,1719.300048828125,1680.800048828125,1719.300048828125,327,Gold,2026-04-04 21:52:15.035739
2020-05-01,1694.5,1701.5,1670.5,1686.5999755859375,337,Gold,2026-04-04 21:52:15.035739
2020-05-04,1706.9000244140625,1709.0,1699.5999755859375,1702.5999755859375,320,Gold,2026-04-04 21:52:15.035739
2020-05-05,1704.4000244140625,1704.4000244140625,1697.199951171875,1701.5,82,Gold,2026-04-04 21:52:15.035739
2020-05-06,1684.199951171875,1704.0,1684.199951171875,1704.0,469,Gold,2026-04-04 21:52:15.035739
2020-05-07,1721.800048828125,1721.800048828125,1685.5999755859375,1686.199951171875,853,Gold,2026-04-04 21:52:15.035739
2020-05-08,1709.9000244140625,1728.9000244140625,1703.800048828125,1726.199951171875,330,Gold,2026-04-04 21:52:15.035739
2020-05-11,1695.300048828125,1704.5,1690.199951171875,1702.300048828125,749,Gold,2026-04-04 21:52:15.035739
2020-05-12,1704.4000244140625,1713.0999755859375,1699.300048828125,1699.300048828125,324,Gold,2026-04-04 21:52:15.035739
2020-05-13,1713.9000244140625,1721.300048828125,1701.9000244140625,1702.0,431,Gold,2026-04-04 21:52:15.035739
2020-05-14,1738.0999755859375,1743.0999755859375,1720.5,1724.300048828125,672,Gold,2026-04-04 21:52:15.035739
2020-05-15,1753.4000244140625,1753.4000244140625,1739.699951171875,1739.699951171875,719,Gold,2026-04-04 21:52:15.035739
2020-05-18,1731.800048828125,1770.5,1731.800048828125,1755.699951171875,229,Gold,2026-04-04 21:52:15.035739
2020-05-19,1744.199951171875,1749.5,1744.199951171875,1744.199951171875,167,Gold,2026-04-04 21:52:15.035739
2020-05-20,1750.5999755859375,1752.0999755859375,1745.5999755859375,1751.5999755859375,16,Gold,2026-04-04 21:52:15.035739
2020-05-21,1720.5,1746.800048828125,1720.5,1746.800048828125,528,Gold,2026-04-04 21:52:15.035739
2020-05-22,1734.5999755859375,1734.5999755859375,1726.5999755859375,1726.5999755859375,6,Gold,2026-04-04 21:52:15.035739
2020-05-26,1704.800048828125,1726.4000244140625,1704.800048828125,1726.4000244140625,39,Gold,2026-04-04 21:52:15.035739
2020-05-27,1710.300048828125,1710.300048828125,1685.5999755859375,1685.5999755859375,137416,Gold,2026-04-04 21:52:15.035739
2020-05-28,1713.300048828125,1727.800048828125,1705.0,1709.300048828125,23355,Gold,2026-04-04 21:52:15.035739
2020-05-29,1736.9000244140625,1738.300048828125,1715.0999755859375,1718.800048828125,1526,Gold,2026-04-04 21:52:15.035739
2020-06-01,1737.800048828125,1747.0,1727.0999755859375,1740.4000244140625,871,Gold,2026-04-04 21:52:15.035739
2020-06-02,1725.199951171875,1745.5,1721.800048828125,1743.0,741,Gold,2026-04-04 21:52:15.035739
2020-06-03,1697.800048828125,1726.300048828125,1684.5,1726.300048828125,2755,Gold,2026-04-04 21:52:15.035739
2020-06-04,1718.9000244140625,1718.9000244140625,1694.5,1694.5,807,Gold,2026-04-04 21:52:15.035739
2020-06-05,1676.199951171875,1711.800048828125,1668.5999755859375,1711.800048828125,1502,Gold,2026-04-04 21:52:15.035739
2020-06-08,1698.300048828125,1699.4000244140625,1675.9000244140625,1679.0999755859375,587,Gold,2026-04-04 21:52:15.035739
2020-06-09,1714.699951171875,1720.9000244140625,1692.0,1694.5999755859375,690,Gold,2026-04-04 21:52:15.035739
2020-06-10,1713.300048828125,1740.800048828125,1711.9000244140625,1716.0999755859375,718,Gold,2026-04-04 21:52:15.035739
2020-06-11,1732.0,1744.0999755859375,1720.0,1737.199951171875,347,Gold,2026-04-04 21:52:15.035739
2020-06-12,1729.300048828125,1743.0,1724.9000244140625,1724.9000244140625,318,Gold,2026-04-04 21:52:15.035739
2020-06-15,1720.300048828125,1730.0,1703.300048828125,1730.0,188,Gold,2026-04-04 21:52:15.035739
2020-06-16,1729.5999755859375,1729.5999755859375,1722.4000244140625,1726.300048828125,22,Gold,2026-04-04 21:52:15.035739
2020-06-17,1729.199951171875,1729.199951171875,1714.699951171875,1714.699951171875,51,Gold,2026-04-04 21:52:15.035739
2020-06-18,1724.800048828125,1734.0999755859375,1717.300048828125,1730.5,110,Gold,2026-04-04 21:52:15.035739
2020-06-19,1745.9000244140625,1750.699951171875,1723.5,1723.699951171875,1329,Gold,2026-04-04 21:52:15.035739
2020-06-22,1756.699951171875,1767.5999755859375,1750.5,1755.199951171875,1356,Gold,2026-04-04 21:52:15.035739
2020-06-23,1772.0999755859375,1776.300048828125,1754.199951171875,1755.4000244140625,666,Gold,2026-04-04 21:52:15.035739
2020-06-24,1765.800048828125,1783.0999755859375,1764.5,1778.300048828125,961,Gold,2026-04-04 21:52:15.035739
2020-06-25,1762.0999755859375,1764.800048828125,1759.800048828125,1761.699951171875,207,Gold,2026-04-04 21:52:15.035739
2020-06-26,1772.5,1772.5,1764.699951171875,1766.0,640,Gold,2026-04-04 21:52:15.035739
2020-06-29,1774.800048828125,1780.199951171875,1774.300048828125,1779.800048828125,584,Gold,2026-04-04 21:52:15.035739
2020-06-30,1793.0,1793.199951171875,1774.4000244140625,1777.300048828125,986,Gold,2026-04-04 21:52:15.035739
2020-07-01,1773.199951171875,1798.0,1765.800048828125,1793.5999755859375,331,Gold,2026-04-04 21:52:15.035739
2020-07-02,1784.0,1784.0,1768.699951171875,1773.4000244140625,215,Gold,2026-04-04 21:52:15.035739
2020-07-06,1788.5,1790.0999755859375,1788.199951171875,1788.199951171875,172,Gold,2026-04-04 21:52:15.035739
2020-07-07,1804.199951171875,1804.199951171875,1783.300048828125,1789.300048828125,751,Gold,2026-04-04 21:52:15.035739
2020-07-08,1815.5,1817.9000244140625,1801.5,1801.5,209,Gold,2026-04-04 21:52:15.035739
2020-07-09,1799.199951171875,1819.800048828125,1799.199951171875,1816.0999755859375,396,Gold,2026-04-04 21:52:15.035739
2020-07-10,1798.199951171875,1805.5,1797.699951171875,1805.5,236,Gold,2026-04-04 21:52:15.035739
2020-07-13,1811.0,1811.0,1805.0,1805.0,164,Gold,2026-04-04 21:52:15.035739
2020-07-14,1810.5999755859375,1811.5,1791.0,1791.0,339,Gold,2026-04-04 21:52:15.035739
2020-07-15,1811.4000244140625,1813.5,1806.0999755859375,1806.0999755859375,167,Gold,2026-04-04 21:52:15.035739
2020-07-16,1798.699951171875,1810.9000244140625,1794.300048828125,1810.9000244140625,146,Gold,2026-04-04 21:52:15.035739
2020-07-17,1808.300048828125,1810.0999755859375,1798.5,1798.5,24,Gold,2026-04-04 21:52:15.035739
2020-07-20,1815.9000244140625,1817.300048828125,1807.0,1807.0,89,Gold,2026-04-04 21:52:15.035739
2020-07-21,1842.4000244140625,1842.4000244140625,1822.0,1822.0,117,Gold,2026-04-04 21:52:15.035739
2020-07-22,1864.0999755859375,1867.0,1854.699951171875,1858.0999755859375,213,Gold,2026-04-04 21:52:15.035739
2020-07-23,1889.0999755859375,1890.300048828125,1868.5,1868.699951171875,133,Gold,2026-04-04 21:52:15.035739
2020-07-24,1897.300048828125,1897.300048828125,1884.300048828125,1884.300048828125,474,Gold,2026-04-04 21:52:15.035739
2020-07-27,1931.0,1938.0,1901.5,1901.699951171875,364,Gold,2026-04-04 21:52:15.035739
2020-07-28,1944.699951171875,1944.699951171875,1928.5999755859375,1931.5,825,Gold,2026-04-04 21:52:15.035739
2020-07-29,1953.5,1953.5,1952.5999755859375,1953.199951171875,209835,Gold,2026-04-04 21:52:15.035739
2020-07-30,1942.300048828125,1965.0999755859375,1930.0,1963.4000244140625,28853,Gold,2026-04-04 21:52:15.035739
2020-07-31,1962.800048828125,1981.0999755859375,1948.0,1948.5999755859375,2914,Gold,2026-04-04 21:52:15.035739
2020-08-03,1966.0,1984.300048828125,1955.5,1984.300048828125,683,Gold,2026-04-04 21:52:15.035739
2020-08-04,2001.199951171875,2016.199951171875,1968.800048828125,1971.0,2010,Gold,2026-04-04 21:52:15.035739
2020-08-05,2031.0999755859375,2050.199951171875,2011.0,2024.0,1422,Gold,2026-04-04 21:52:15.035739
2020-08-06,2051.5,2063.0,2040.0,2045.5,294,Gold,2026-04-04 21:52:15.035739
2020-08-07,2010.0999755859375,2055.0,2009.5999755859375,2040.0999755859375,808,Gold,2026-04-04 21:52:15.035739
2020-08-10,2024.4000244140625,2043.800048828125,2017.5,2026.4000244140625,233,Gold,2026-04-04 21:52:15.035739
2020-08-11,1932.5999755859375,2016.0,1904.0,2012.4000244140625,971,Gold,2026-04-04 21:52:15.035739
2020-08-12,1934.9000244140625,1946.5999755859375,1871.5999755859375,1923.0,404,Gold,2026-04-04 21:52:15.035739
2020-08-13,1956.699951171875,1957.4000244140625,1916.9000244140625,1921.5,71,Gold,2026-04-04 21:52:15.035739
2020-08-14,1937.0,1947.4000244140625,1937.0,1938.699951171875,201,Gold,2026-04-04 21:52:15.035739
2020-08-17,1985.0,1985.0,1949.5999755859375,1949.5999755859375,97,Gold,2026-04-04 21:52:15.035739
2020-08-18,1999.4000244140625,2002.800048828125,1972.0999755859375,2001.0999755859375,92,Gold,2026-04-04 21:52:15.035739
2020-08-19,1958.699951171875,1980.0,1938.699951171875,1980.0,347,Gold,2026-04-04 21:52:15.035739
2020-08-20,1933.800048828125,1948.300048828125,1922.300048828125,1941.199951171875,106,Gold,2026-04-04 21:52:15.035739
2020-08-21,1934.5999755859375,1945.0,1908.9000244140625,1941.0,184,Gold,2026-04-04 21:52:15.035739
2020-08-24,1927.699951171875,1940.0,1922.199951171875,1930.199951171875,85,Gold,2026-04-04 21:52:15.035739
2020-08-25,1911.800048828125,1928.5,1911.800048828125,1927.5,176,Gold,2026-04-04 21:52:15.035739
2020-08-26,1940.699951171875,1950.800048828125,1909.699951171875,1909.699951171875,287,Gold,2026-04-04 21:52:15.035739
2020-08-27,1921.5999755859375,1972.5,1921.5999755859375,1948.9000244140625,2303,Gold,2026-04-04 21:52:15.035739
2020-08-28,1964.5999755859375,1971.300048828125,1922.5,1927.0999755859375,778,Gold,2026-04-04 21:52:15.035739
2020-08-31,1967.5999755859375,1971.300048828125,1953.300048828125,1970.0,158,Gold,2026-04-04 21:52:15.035739
2020-09-01,1968.199951171875,1986.300048828125,1961.699951171875,1961.699951171875,186,Gold,2026-04-04 21:52:15.035739
2020-09-02,1934.4000244140625,1967.300048828125,1934.4000244140625,1967.300048828125,71,Gold,2026-04-04 21:52:15.035739
2020-09-03,1927.5999755859375,1938.800048828125,1923.0,1937.0999755859375,179,Gold,2026-04-04 21:52:15.035739
2020-09-04,1923.9000244140625,1939.699951171875,1917.699951171875,1927.9000244140625,607,Gold,2026-04-04 21:52:15.035739
2020-09-08,1933.0,1937.9000244140625,1903.0999755859375,1930.9000244140625,271,Gold,2026-04-04 21:52:15.035739
2020-09-09,1944.699951171875,1946.199951171875,1924.5999755859375,1926.9000244140625,219,Gold,2026-04-04 21:52:15.035739
2020-09-10,1954.199951171875,1962.699951171875,1944.0999755859375,1944.0999755859375,722,Gold,2026-04-04 21:52:15.035739
2020-09-11,1937.800048828125,1949.5,1937.800048828125,1944.0,73,Gold,2026-04-04 21:52:15.035739
2020-09-14,1953.0999755859375,1953.0999755859375,1943.0,1946.300048828125,55,Gold,2026-04-04 21:52:15.035739
2020-09-15,1956.300048828125,1968.5,1955.800048828125,1955.800048828125,74,Gold,2026-04-04 21:52:15.035739
2020-09-16,1960.199951171875,1961.4000244140625,1956.699951171875,1961.300048828125,124,Gold,2026-04-04 21:52:15.035739
2020-09-17,1940.0,1946.0,1933.699951171875,1939.0,67,Gold,2026-04-04 21:52:15.035739
2020-09-18,1952.0999755859375,1952.0999755859375,1949.0,1950.5,38,Gold,2026-04-04 21:52:15.035739
2020-09-21,1901.199951171875,1946.199951171875,1883.4000244140625,1946.199951171875,52,Gold,2026-04-04 21:52:15.035739
2020-09-22,1898.5999755859375,1913.0999755859375,1898.5999755859375,1913.0999755859375,331,Gold,2026-04-04 21:52:15.035739
2020-09-23,1859.9000244140625,1875.5,1859.9000244140625,1875.5,5,Gold,2026-04-04 21:52:15.035739
2020-09-24,1868.300048828125,1868.300048828125,1851.5,1851.5,365,Gold,2026-04-04 21:52:15.035739
2020-09-25,1857.699951171875,1857.699951171875,1856.300048828125,1856.300048828125,4,Gold,2026-04-04 21:52:15.035739
2020-09-28,1872.800048828125,1872.800048828125,1872.800048828125,1872.800048828125,10455,Gold,2026-04-04 21:52:15.035739
2020-09-29,1894.300048828125,1895.4000244140625,1872.4000244140625,1876.5,3283,Gold,2026-04-04 21:52:15.035739
2020-09-30,1887.5,1899.699951171875,1879.800048828125,1893.0,600,Gold,2026-04-04 21:52:15.035739
2020-10-01,1908.4000244140625,1909.5999755859375,1882.5,1884.0999755859375,730,Gold,2026-04-04 21:52:15.035739
2020-10-02,1900.199951171875,1913.0,1893.9000244140625,1893.9000244140625,530,Gold,2026-04-04 21:52:15.035739
2020-10-05,1912.5,1915.5999755859375,1884.699951171875,1898.9000244140625,1360,Gold,2026-04-04 21:52:15.035739
2020-10-06,1901.0999755859375,1918.0,1874.4000244140625,1906.5999755859375,968,Gold,2026-04-04 21:52:15.035739
2020-10-07,1883.5999755859375,1889.800048828125,1873.0999755859375,1874.0999755859375,50,Gold,2026-04-04 21:52:15.035739
2020-10-08,1888.5999755859375,1893.0,1882.699951171875,1893.0,348,Gold,2026-04-04 21:52:15.035739
2020-10-09,1919.5,1929.0999755859375,1905.0999755859375,1909.300048828125,580,Gold,2026-04-04 21:52:15.035739
2020-10-12,1922.5,1926.5,1921.5999755859375,1924.0,96,Gold,2026-04-04 21:52:15.035739
2020-10-13,1888.5,1922.199951171875,1887.0,1921.9000244140625,191,Gold,2026-04-04 21:52:15.035739
2020-10-14,1901.300048828125,1910.800048828125,1882.5,1889.699951171875,33,Gold,2026-04-04 21:52:15.035739
2020-10-15,1903.199951171875,1906.300048828125,1889.5999755859375,1897.300048828125,254,Gold,2026-04-04 21:52:15.035739
2020-10-16,1900.800048828125,1900.800048828125,1898.5,1898.5,53,Gold,2026-04-04 21:52:15.035739
2020-10-19,1906.4000244140625,1907.800048828125,1899.5,1907.300048828125,43,Gold,2026-04-04 21:52:15.035739
2020-10-20,1910.4000244140625,1910.4000244140625,1896.0999755859375,1901.300048828125,329,Gold,2026-04-04 21:52:15.035739
2020-10-21,1924.5999755859375,1927.300048828125,1913.5999755859375,1913.5999755859375,1202,Gold,2026-04-04 21:52:15.035739
2020-10-22,1901.0999755859375,1924.300048828125,1898.199951171875,1924.300048828125,899,Gold,2026-04-04 21:52:15.035739
2020-10-23,1902.0,1913.300048828125,1896.199951171875,1899.9000244140625,287,Gold,2026-04-04 21:52:15.035739
2020-10-26,1902.699951171875,1907.0,1893.5,1895.5,242,Gold,2026-04-04 21:52:15.035739
2020-10-27,1908.800048828125,1908.800048828125,1904.4000244140625,1904.5999755859375,176,Gold,2026-04-04 21:52:15.035739
2020-10-28,1876.199951171875,1876.199951171875,1870.9000244140625,1870.9000244140625,277,Gold,2026-04-04 21:52:15.035739
2020-10-29,1865.5999755859375,1879.800048828125,1858.800048828125,1876.0999755859375,240,Gold,2026-04-04 21:52:15.035739
2020-10-30,1877.4000244140625,1886.5999755859375,1862.800048828125,1862.800048828125,725,Gold,2026-04-04 21:52:15.035739
2020-11-02,1890.4000244140625,1894.699951171875,1872.9000244140625,1872.9000244140625,190,Gold,2026-04-04 21:52:15.035739
2020-11-03,1908.5,1908.5,1891.5,1891.5,712,Gold,2026-04-04 21:52:15.035739
2020-11-04,1894.5999755859375,1907.0,1885.300048828125,1893.800048828125,782,Gold,2026-04-04 21:52:15.035739
2020-11-05,1945.300048828125,1948.0,1901.699951171875,1901.699951171875,135,Gold,2026-04-04 21:52:15.035739
2020-11-06,1950.300048828125,1958.800048828125,1940.800048828125,1940.800048828125,304,Gold,2026-04-04 21:52:15.035739
2020-11-09,1853.199951171875,1963.199951171875,1847.0999755859375,1955.5999755859375,745,Gold,2026-04-04 21:52:15.035739
2020-11-10,1875.4000244140625,1885.300048828125,1871.199951171875,1879.300048828125,276,Gold,2026-04-04 21:52:15.035739
2020-11-11,1860.699951171875,1878.800048828125,1855.5,1878.800048828125,222,Gold,2026-04-04 21:52:15.035739
2020-11-12,1872.5999755859375,1878.5,1866.5999755859375,1869.0,220,Gold,2026-04-04 21:52:15.035739
2020-11-13,1885.699951171875,1890.0999755859375,1876.800048828125,1877.0,240,Gold,2026-04-04 21:52:15.035739
2020-11-16,1887.300048828125,1887.300048828125,1871.0,1874.5999755859375,6,Gold,2026-04-04 21:52:15.035739
2020-11-17,1884.5,1888.4000244140625,1884.5,1888.4000244140625,59,Gold,2026-04-04 21:52:15.035739
2020-11-18,1873.5,1873.5,1873.5,1873.5,152,Gold,2026-04-04 21:52:15.035739
2020-11-19,1861.0999755859375,1865.800048828125,1856.0,1865.800048828125,59,Gold,2026-04-04 21:52:15.035739
2020-11-20,1872.5999755859375,1872.5999755859375,1871.199951171875,1871.199951171875,1900,Gold,2026-04-04 21:52:15.035739
2020-11-23,1837.800048828125,1837.800048828125,1829.199951171875,1834.800048828125,843,Gold,2026-04-04 21:52:15.035739
2020-11-24,1804.800048828125,1829.300048828125,1799.300048828125,1829.300048828125,1041,Gold,2026-04-04 21:52:15.035739
2020-11-25,1805.699951171875,1805.699951171875,1801.4000244140625,1801.4000244140625,205754,Gold,2026-04-04 21:52:15.035739
2020-11-27,1781.9000244140625,1817.0,1770.699951171875,1806.0999755859375,71804,Gold,2026-04-04 21:52:15.035739
2020-11-30,1775.699951171875,1787.199951171875,1762.300048828125,1785.0,3145,Gold,2026-04-04 21:52:15.035739
2020-12-01,1814.0999755859375,1815.9000244140625,1774.9000244140625,1775.0,1859,Gold,2026-04-04 21:52:15.035739
2020-12-02,1825.699951171875,1830.0,1807.800048828125,1811.300048828125,771,Gold,2026-04-04 21:52:15.035739
2020-12-03,1836.800048828125,1842.0,1825.300048828125,1829.199951171875,1765,Gold,2026-04-04 21:52:15.035739
2020-12-04,1835.9000244140625,1847.5999755859375,1828.199951171875,1840.699951171875,1213,Gold,2026-04-04 21:52:15.035739
2020-12-07,1861.800048828125,1866.9000244140625,1820.800048828125,1836.5,1427,Gold,2026-04-04 21:52:15.035739
2020-12-08,1870.800048828125,1875.800048828125,1861.800048828125,1863.0,121,Gold,2026-04-04 21:52:15.035739
2020-12-09,1834.5999755859375,1867.0999755859375,1827.0,1867.0999755859375,215,Gold,2026-04-04 21:52:15.035739
2020-12-10,1833.5999755859375,1849.0999755859375,1828.0,1833.199951171875,177,Gold,2026-04-04 21:52:15.035739
2020-12-11,1839.800048828125,1846.0,1829.0999755859375,1838.5,109,Gold,2026-04-04 21:52:15.035739
2020-12-14,1828.699951171875,1835.699951171875,1822.699951171875,1835.5,258,Gold,2026-04-04 21:52:15.035739
2020-12-15,1852.300048828125,1853.5999755859375,1833.199951171875,1833.5,961,Gold,2026-04-04 21:52:15.035739
2020-12-16,1856.0999755859375,1864.699951171875,1850.5,1856.5,1090,Gold,2026-04-04 21:52:15.035739
2020-12-17,1887.199951171875,1896.199951171875,1874.199951171875,1874.199951171875,414,Gold,2026-04-04 21:52:15.035739
2020-12-18,1885.699951171875,1889.5,1882.300048828125,1882.4000244140625,276,Gold,2026-04-04 21:52:15.035739
2020-12-21,1879.199951171875,1908.0,1869.0999755859375,1884.800048828125,136,Gold,2026-04-04 21:52:15.035739
2020-12-22,1866.5999755859375,1882.199951171875,1861.0,1882.199951171875,233,Gold,2026-04-04 21:52:15.035739
2020-12-23,1874.699951171875,1878.800048828125,1864.5,1867.0,82,Gold,2026-04-04 21:52:15.035739
2020-12-24,1879.9000244140625,1879.9000244140625,1875.699951171875,1877.300048828125,46,Gold,2026-04-04 21:52:15.035739
2020-12-28,1877.199951171875,1895.800048828125,1873.699951171875,1895.5,75,Gold,2026-04-04 21:52:15.035739
2020-12-29,1879.699951171875,1881.300048828125,1879.699951171875,1881.300048828125,343,Gold,2026-04-04 21:52:15.035739
2020-12-30,1891.0,1895.800048828125,1877.300048828125,1879.9000244140625,444,Gold,2026-04-04 21:52:15.035739
2020-12-31,1893.0999755859375,1901.300048828125,1892.699951171875,1897.0,127,Gold,2026-04-04 21:52:15.035739
2021-01-04,1944.699951171875,1945.0999755859375,1912.199951171875,1912.199951171875,154,Gold,2026-04-04 21:52:15.035739
2021-01-05,1952.699951171875,1952.699951171875,1941.300048828125,1941.699951171875,113,Gold,2026-04-04 21:52:15.035739
2021-01-06,1906.9000244140625,1959.9000244140625,1901.5,1952.0,331,Gold,2026-04-04 21:52:15.035739
2021-01-07,1912.300048828125,1926.699951171875,1912.0,1922.5999755859375,122,Gold,2026-04-04 21:52:15.035739
2021-01-08,1834.0999755859375,1908.0,1834.0999755859375,1908.0,60,Gold,2026-04-04 21:52:15.035739
2021-01-11,1849.5999755859375,1849.5999755859375,1826.5,1826.5,20,Gold,2026-04-04 21:52:15.035739
2021-01-12,1842.9000244140625,1859.699951171875,1839.4000244140625,1849.0,176,Gold,2026-04-04 21:52:15.035739
2021-01-13,1853.5999755859375,1858.5999755859375,1853.5999755859375,1858.0,189,Gold,2026-04-04 21:52:15.035739
2021-01-14,1850.300048828125,1850.699951171875,1836.699951171875,1836.699951171875,149,Gold,2026-04-04 21:52:15.035739
2021-01-15,1829.300048828125,1829.4000244140625,1825.0,1829.4000244140625,31,Gold,2026-04-04 21:52:15.035739
2021-01-19,1839.5,1842.9000244140625,1802.0,1802.0,13,Gold,2026-04-04 21:52:15.035739
2021-01-20,1865.9000244140625,1866.5999755859375,1844.4000244140625,1847.800048828125,16,Gold,2026-04-04 21:52:15.035739
2021-01-21,1865.300048828125,1868.0,1865.300048828125,1865.300048828125,6,Gold,2026-04-04 21:52:15.035739
2021-01-22,1855.699951171875,1855.699951171875,1852.699951171875,1854.9000244140625,8,Gold,2026-04-04 21:52:15.035739
2021-01-25,1854.9000244140625,1864.699951171875,1851.800048828125,1864.699951171875,26,Gold,2026-04-04 21:52:15.035739
2021-01-26,1850.699951171875,1855.800048828125,1850.699951171875,1855.800048828125,59,Gold,2026-04-04 21:52:15.035739
2021-01-27,1844.9000244140625,1844.9000244140625,1844.9000244140625,1844.9000244140625,195540,Gold,2026-04-04 21:52:15.035739
2021-01-28,1837.9000244140625,1862.9000244140625,1831.5,1843.4000244140625,27283,Gold,2026-04-04 21:52:15.035739
2021-01-29,1847.300048828125,1876.0,1838.699951171875,1842.0,1634,Gold,2026-04-04 21:52:15.035739
2021-02-01,1860.800048828125,1871.9000244140625,1850.0,1866.5999755859375,1494,Gold,2026-04-04 21:52:15.035739
2021-02-02,1830.5,1861.300048828125,1827.5999755859375,1859.5999755859375,1293,Gold,2026-04-04 21:52:15.035739
2021-02-03,1832.199951171875,1842.4000244140625,1829.800048828125,1834.800048828125,1195,Gold,2026-04-04 21:52:15.035739
2021-02-04,1788.9000244140625,1832.199951171875,1782.800048828125,1832.199951171875,2375,Gold,2026-04-04 21:52:15.035739
2021-02-05,1810.9000244140625,1813.5,1790.9000244140625,1794.300048828125,1278,Gold,2026-04-04 21:52:15.035739
2021-02-08,1831.9000244140625,1836.699951171875,1809.0,1816.300048828125,254,Gold,2026-04-04 21:52:15.035739
2021-02-09,1835.300048828125,1843.300048828125,1830.699951171875,1841.9000244140625,184,Gold,2026-04-04 21:52:15.035739
2021-02-10,1840.5999755859375,1851.0999755859375,1837.0,1842.5999755859375,543,Gold,2026-04-04 21:52:15.035739
2021-02-11,1824.9000244140625,1845.0,1820.9000244140625,1840.5,602,Gold,2026-04-04 21:52:15.035739
2021-02-12,1821.5999755859375,1827.5,1809.199951171875,1825.0,259,Gold,2026-04-04 21:52:15.035739
2021-02-16,1797.199951171875,1823.4000244140625,1787.300048828125,1820.9000244140625,1141,Gold,2026-04-04 21:52:15.035739
2021-02-17,1771.0999755859375,1789.699951171875,1768.800048828125,1785.800048828125,614,Gold,2026-04-04 21:52:15.035739
2021-02-18,1773.4000244140625,1784.5999755859375,1766.0,1776.0999755859375,587,Gold,2026-04-04 21:52:15.035739
2021-02-19,1775.800048828125,1787.5999755859375,1764.300048828125,1764.300048828125,118,Gold,2026-04-04 21:52:15.035739
2021-02-22,1806.699951171875,1807.800048828125,1784.0,1784.0,165,Gold,2026-04-04 21:52:15.035739
2021-02-23,1804.4000244140625,1811.300048828125,1796.4000244140625,1809.5999755859375,569,Gold,2026-04-04 21:52:15.035739
2021-02-24,1796.4000244140625,1805.800048828125,1796.4000244140625,1805.800048828125,1500,Gold,2026-04-04 21:52:15.035739
2021-02-25,1774.4000244140625,1802.0,1766.699951171875,1801.5,1049,Gold,2026-04-04 21:52:15.035739
2021-02-26,1728.0999755859375,1768.199951171875,1718.800048828125,1768.0999755859375,1593,Gold,2026-04-04 21:52:15.035739
2021-03-01,1722.5,1747.0,1720.300048828125,1737.0999755859375,407,Gold,2026-04-04 21:52:15.035739
2021-03-02,1733.0999755859375,1733.0999755859375,1708.699951171875,1709.4000244140625,867,Gold,2026-04-04 21:52:15.035739
2021-03-03,1715.300048828125,1732.4000244140625,1703.5,1730.0,501,Gold,2026-04-04 21:52:15.035739
2021-03-04,1700.199951171875,1717.4000244140625,1700.199951171875,1706.5,521,Gold,2026-04-04 21:52:15.035739
2021-03-05,1698.0,1701.0,1685.0,1690.5999755859375,302,Gold,2026-04-04 21:52:15.035739
2021-03-08,1677.699951171875,1705.4000244140625,1673.699951171875,1704.699951171875,1290,Gold,2026-04-04 21:52:15.035739
2021-03-09,1716.5999755859375,1717.5,1685.199951171875,1686.199951171875,335,Gold,2026-04-04 21:52:15.035739
2021-03-10,1721.5,1722.9000244140625,1711.0,1713.5999755859375,412,Gold,2026-04-04 21:52:15.035739
2021-03-11,1722.300048828125,1737.5,1720.199951171875,1725.5999755859375,18,Gold,2026-04-04 21:52:15.035739
2021-03-12,1719.5,1722.5,1699.0,1715.9000244140625,80,Gold,2026-04-04 21:52:15.035739
2021-03-15,1728.9000244140625,1731.9000244140625,1722.800048828125,1729.5,147,Gold,2026-04-04 21:52:15.035739
2021-03-16,1730.5999755859375,1733.9000244140625,1726.0,1732.300048828125,729,Gold,2026-04-04 21:52:15.035739
2021-03-17,1726.800048828125,1750.0999755859375,1725.5999755859375,1735.300048828125,488,Gold,2026-04-04 21:52:15.035739
2021-03-18,1732.199951171875,1750.300048828125,1721.800048828125,1745.800048828125,138,Gold,2026-04-04 21:52:15.035739
2021-03-19,1741.4000244140625,1742.199951171875,1733.5999755859375,1742.199951171875,13,Gold,2026-04-04 21:52:15.035739
2021-03-22,1737.800048828125,1737.800048828125,1737.800048828125,1737.800048828125,51,Gold,2026-04-04 21:52:15.035739
2021-03-23,1724.699951171875,1724.699951171875,1724.699951171875,1724.699951171875,6,Gold,2026-04-04 21:52:15.035739
2021-03-24,1732.9000244140625,1732.9000244140625,1727.5,1727.5,26,Gold,2026-04-04 21:52:15.035739
2021-03-25,1724.9000244140625,1733.199951171875,1724.5,1732.699951171875,15,Gold,2026-04-04 21:52:15.035739
2021-03-26,1732.199951171875,1732.199951171875,1721.300048828125,1721.300048828125,33,Gold,2026-04-04 21:52:15.035739
2021-03-29,1712.0999755859375,1712.0999755859375,1712.0999755859375,1712.0999755859375,135457,Gold,2026-04-04 21:52:15.035739
2021-03-30,1683.9000244140625,1712.5999755859375,1676.5,1711.0,25316,Gold,2026-04-04 21:52:15.035739
2021-03-31,1713.800048828125,1713.800048828125,1676.5,1683.699951171875,762,Gold,2026-04-04 21:52:15.035739
2021-04-01,1726.5,1728.800048828125,1706.4000244140625,1706.800048828125,720,Gold,2026-04-04 21:52:15.035739
2021-04-05,1727.0,1729.699951171875,1721.9000244140625,1727.9000244140625,275,Gold,2026-04-04 21:52:15.035739
2021-04-06,1741.5,1744.800048828125,1726.9000244140625,1726.9000244140625,890,Gold,2026-04-04 21:52:15.035739
2021-04-07,1740.0999755859375,1742.699951171875,1733.699951171875,1742.699951171875,557,Gold,2026-04-04 21:52:15.035739
2021-04-08,1756.800048828125,1758.0,1734.5999755859375,1736.0,1298,Gold,2026-04-04 21:52:15.035739
2021-04-09,1743.300048828125,1750.800048828125,1733.300048828125,1750.800048828125,484,Gold,2026-04-04 21:52:15.035739
2021-04-12,1731.199951171875,1740.800048828125,1726.699951171875,1740.800048828125,40,Gold,2026-04-04 21:52:15.035739
2021-04-13,1746.199951171875,1746.9000244140625,1722.0999755859375,1733.800048828125,367,Gold,2026-04-04 21:52:15.035739
2021-04-14,1734.9000244140625,1745.9000244140625,1732.699951171875,1741.300048828125,1037,Gold,2026-04-04 21:52:15.035739
2021-04-15,1765.4000244140625,1767.9000244140625,1740.0999755859375,1740.0999755859375,368,Gold,2026-04-04 21:52:15.035739
2021-04-16,1779.0,1779.5,1770.0999755859375,1770.4000244140625,625,Gold,2026-04-04 21:52:15.035739
2021-04-19,1769.4000244140625,1788.5,1769.4000244140625,1782.0999755859375,144,Gold,2026-04-04 21:52:15.035739
2021-04-20,1777.300048828125,1777.300048828125,1765.5,1769.300048828125,1464,Gold,2026-04-04 21:52:15.035739
2021-04-21,1792.300048828125,1794.0999755859375,1777.699951171875,1783.0,250,Gold,2026-04-04 21:52:15.035739
2021-04-22,1781.199951171875,1794.199951171875,1779.5,1794.199951171875,159,Gold,2026-04-04 21:52:15.035739
2021-04-23,1777.0,1794.5,1772.0,1786.0999755859375,332,Gold,2026-04-04 21:52:15.035739
2021-04-26,1779.199951171875,1779.699951171875,1770.800048828125,1778.0,549,Gold,2026-04-04 21:52:15.035739
2021-04-27,1778.0,1782.0,1777.699951171875,1780.0,117,Gold,2026-04-04 21:52:15.035739
2021-04-28,1773.199951171875,1774.0,1764.5999755859375,1768.199951171875,756,Gold,2026-04-04 21:52:15.035739
2021-04-29,1768.0999755859375,1789.0,1758.5999755859375,1781.0,196,Gold,2026-04-04 21:52:15.035739
2021-04-30,1767.300048828125,1771.800048828125,1763.9000244140625,1771.800048828125,18,Gold,2026-04-04 21:52:15.035739
2021-05-03,1791.4000244140625,1793.0,1788.5,1788.5,18,Gold,2026-04-04 21:52:15.035739
2021-05-04,1775.800048828125,1788.5,1774.800048828125,1788.199951171875,182,Gold,2026-04-04 21:52:15.035739
2021-05-05,1784.0999755859375,1784.0999755859375,1779.199951171875,1781.5,57,Gold,2026-04-04 21:52:15.035739
2021-05-06,1815.5,1815.5,1787.5999755859375,1788.9000244140625,13,Gold,2026-04-04 21:52:15.035739
2021-05-07,1831.0999755859375,1842.9000244140625,1831.0999755859375,1842.9000244140625,2,Gold,2026-04-04 21:52:15.035739
2021-05-10,1837.5,1845.5999755859375,1835.4000244140625,1835.5999755859375,13,Gold,2026-04-04 21:52:15.035739
2021-05-11,1835.9000244140625,1838.0999755859375,1831.5999755859375,1837.199951171875,420,Gold,2026-04-04 21:52:15.035739
2021-05-12,1822.5999755859375,1825.199951171875,1821.699951171875,1825.199951171875,3,Gold,2026-04-04 21:52:15.035739
2021-05-13,1823.800048828125,1826.800048828125,1814.0999755859375,1814.699951171875,100,Gold,2026-04-04 21:52:15.035739
2021-05-14,1837.9000244140625,1842.9000244140625,1824.5,1824.5,41,Gold,2026-04-04 21:52:15.035739
2021-05-17,1867.5,1867.5,1847.199951171875,1849.9000244140625,13,Gold,2026-04-04 21:52:15.035739
2021-05-18,1867.800048828125,1870.5,1867.800048828125,1870.5,3,Gold,2026-04-04 21:52:15.035739
2021-05-19,1881.300048828125,1884.9000244140625,1863.5999755859375,1866.4000244140625,348,Gold,2026-04-04 21:52:15.035739
2021-05-20,1881.800048828125,1885.0,1864.800048828125,1865.5,85,Gold,2026-04-04 21:52:15.035739
2021-05-21,1876.699951171875,1876.699951171875,1872.0999755859375,1872.0999755859375,5,Gold,2026-04-04 21:52:15.035739
2021-05-24,1884.5999755859375,1884.5999755859375,1882.0999755859375,1882.0999755859375,39,Gold,2026-04-04 21:52:15.035739
2021-05-25,1898.0999755859375,1898.0999755859375,1882.5,1882.5,56,Gold,2026-04-04 21:52:15.035739
2021-05-26,1901.300048828125,1901.300048828125,1901.300048828125,1901.300048828125,170526,Gold,2026-04-04 21:52:15.035739
2021-05-27,1895.699951171875,1903.9000244140625,1888.199951171875,1896.800048828125,35794,Gold,2026-04-04 21:52:15.035739
2021-05-28,1902.5,1905.4000244140625,1881.9000244140625,1897.5,2415,Gold,2026-04-04 21:52:15.035739
2021-06-01,1902.9000244140625,1916.199951171875,1892.800048828125,1905.0999755859375,640,Gold,2026-04-04 21:52:15.035739
2021-06-02,1907.5,1908.800048828125,1896.0,1899.199951171875,1267,Gold,2026-04-04 21:52:15.035739
2021-06-03,1871.199951171875,1908.800048828125,1865.0,1908.800048828125,1021,Gold,2026-04-04 21:52:15.035739
2021-06-04,1889.800048828125,1895.5,1854.0,1869.300048828125,367,Gold,2026-04-04 21:52:15.035739
2021-06-07,1896.800048828125,1899.699951171875,1883.199951171875,1890.5,87,Gold,2026-04-04 21:52:15.035739
2021-06-08,1892.199951171875,1902.9000244140625,1890.0,1896.5,930,Gold,2026-04-04 21:52:15.035739
2021-06-09,1893.199951171875,1897.699951171875,1889.199951171875,1894.9000244140625,148,Gold,2026-04-04 21:52:15.035739
2021-06-10,1894.199951171875,1899.800048828125,1871.5,1887.699951171875,186,Gold,2026-04-04 21:52:15.035739
2021-06-11,1877.4000244140625,1902.300048828125,1875.199951171875,1900.9000244140625,349,Gold,2026-04-04 21:52:15.035739
2021-06-14,1864.0,1866.5999755859375,1846.5,1866.199951171875,41,Gold,2026-04-04 21:52:15.035739
2021-06-15,1854.5,1867.199951171875,1854.4000244140625,1866.4000244140625,78,Gold,2026-04-04 21:52:15.035739
2021-06-16,1859.5,1860.0999755859375,1809.199951171875,1859.4000244140625,117,Gold,2026-04-04 21:52:15.035739
2021-06-17,1773.800048828125,1823.300048828125,1769.5999755859375,1811.800048828125,1135,Gold,2026-04-04 21:52:15.035739
2021-06-18,1767.9000244140625,1792.4000244140625,1767.9000244140625,1775.699951171875,354,Gold,2026-04-04 21:52:15.035739
2021-06-21,1781.800048828125,1785.199951171875,1766.800048828125,1768.800048828125,38,Gold,2026-04-04 21:52:15.035739
2021-06-22,1776.300048828125,1786.9000244140625,1775.9000244140625,1783.4000244140625,101,Gold,2026-04-04 21:52:15.035739
2021-06-23,1782.300048828125,1793.199951171875,1780.5999755859375,1780.699951171875,136,Gold,2026-04-04 21:52:15.035739
2021-06-24,1775.5999755859375,1786.4000244140625,1775.5999755859375,1778.9000244140625,78,Gold,2026-04-04 21:52:15.035739
2021-06-25,1776.5999755859375,1788.0,1775.199951171875,1777.699951171875,35,Gold,2026-04-04 21:52:15.035739
2021-06-28,1779.5999755859375,1779.5999755859375,1779.5999755859375,1779.5999755859375,888,Gold,2026-04-04 21:52:15.035739
2021-06-29,1762.800048828125,1777.0999755859375,1752.0999755859375,1776.800048828125,419,Gold,2026-04-04 21:52:15.035739
2021-06-30,1770.800048828125,1770.800048828125,1759.199951171875,1761.0999755859375,51,Gold,2026-04-04 21:52:15.035739
2021-07-01,1775.9000244140625,1781.199951171875,1768.800048828125,1775.699951171875,44,Gold,2026-04-04 21:52:15.035739
2021-07-02,1782.5999755859375,1787.9000244140625,1778.300048828125,1778.699951171875,23,Gold,2026-04-04 21:52:15.035739
2021-07-06,1793.5,1809.800048828125,1786.699951171875,1786.699951171875,332,Gold,2026-04-04 21:52:15.035739
2021-07-07,1801.5,1808.4000244140625,1797.199951171875,1798.699951171875,244,Gold,2026-04-04 21:52:15.035739
2021-07-08,1799.5999755859375,1818.5,1797.0,1797.0,148,Gold,2026-04-04 21:52:15.035739
2021-07-09,1810.0,1810.0999755859375,1798.800048828125,1803.5999755859375,218,Gold,2026-04-04 21:52:15.035739
2021-07-12,1805.5,1805.5,1799.5,1802.5999755859375,147,Gold,2026-04-04 21:52:15.035739
2021-07-13,1809.4000244140625,1812.0,1800.5999755859375,1808.0999755859375,78,Gold,2026-04-04 21:52:15.035739
2021-07-14,1824.300048828125,1829.0,1813.0999755859375,1813.0999755859375,707,Gold,2026-04-04 21:52:15.035739
2021-07-15,1828.4000244140625,1833.0,1823.4000244140625,1831.5999755859375,99,Gold,2026-04-04 21:52:15.035739
2021-07-16,1814.5,1831.4000244140625,1814.5,1830.0999755859375,78,Gold,2026-04-04 21:52:15.035739
2021-07-19,1808.699951171875,1813.4000244140625,1803.300048828125,1803.300048828125,33,Gold,2026-04-04 21:52:15.035739
2021-07-20,1810.9000244140625,1824.0,1810.9000244140625,1812.9000244140625,128,Gold,2026-04-04 21:52:15.035739
2021-07-21,1802.9000244140625,1807.0,1800.0,1807.0,135,Gold,2026-04-04 21:52:15.035739
2021-07-22,1805.0,1805.0,1793.5999755859375,1793.5999755859375,2,Gold,2026-04-04 21:52:15.035739
2021-07-23,1801.4000244140625,1801.4000244140625,1800.0,1800.0,1,Gold,2026-04-04 21:52:15.035739
2021-07-26,1798.699951171875,1802.5,1797.199951171875,1802.5,17,Gold,2026-04-04 21:52:15.035739
2021-07-27,1799.5,1803.699951171875,1799.5,1803.699951171875,1,Gold,2026-04-04 21:52:15.035739
2021-07-28,1799.5,1799.5,1799.5,1799.5,209783,Gold,2026-04-04 21:52:15.035739
2021-07-29,1831.199951171875,1832.5999755859375,1806.0999755859375,1806.5999755859375,30496,Gold,2026-04-04 21:52:15.035739
2021-07-30,1812.5999755859375,1830.5,1808.9000244140625,1828.0,3100,Gold,2026-04-04 21:52:15.035739
2021-08-02,1818.0999755859375,1818.699951171875,1804.800048828125,1812.4000244140625,1334,Gold,2026-04-04 21:52:15.035739
2021-08-03,1810.0999755859375,1813.5,1806.0,1812.300048828125,3341,Gold,2026-04-04 21:52:15.035739
2021-08-04,1810.5,1831.300048828125,1806.300048828125,1809.300048828125,2860,Gold,2026-04-04 21:52:15.035739
2021-08-05,1805.0999755859375,1813.699951171875,1796.0,1810.800048828125,588,Gold,2026-04-04 21:52:15.035739
2021-08-06,1760.0,1800.0999755859375,1758.4000244140625,1799.800048828125,859,Gold,2026-04-04 21:52:15.035739
2021-08-09,1723.4000244140625,1753.800048828125,1692.5999755859375,1753.5,1621,Gold,2026-04-04 21:52:15.035739
2021-08-10,1728.800048828125,1735.199951171875,1720.0999755859375,1728.5999755859375,1363,Gold,2026-04-04 21:52:15.035739
2021-08-11,1750.4000244140625,1752.199951171875,1727.300048828125,1727.300048828125,542,Gold,2026-04-04 21:52:15.035739
2021-08-12,1749.0,1752.4000244140625,1745.5,1749.699951171875,739,Gold,2026-04-04 21:52:15.035739
2021-08-13,1775.199951171875,1777.300048828125,1757.4000244140625,1758.300048828125,436,Gold,2026-04-04 21:52:15.035739
2021-08-16,1786.9000244140625,1787.800048828125,1771.9000244140625,1776.9000244140625,219,Gold,2026-04-04 21:52:15.035739
2021-08-17,1785.0,1794.199951171875,1780.0,1787.699951171875,200,Gold,2026-04-04 21:52:15.035739
2021-08-18,1781.5999755859375,1791.5,1779.0,1787.800048828125,263,Gold,2026-04-04 21:52:15.035739
2021-08-19,1780.199951171875,1789.300048828125,1775.5,1780.0,245,Gold,2026-04-04 21:52:15.035739
2021-08-20,1781.0,1787.5,1778.199951171875,1784.0999755859375,235,Gold,2026-04-04 21:52:15.035739
2021-08-23,1803.199951171875,1804.800048828125,1776.800048828125,1776.800048828125,32,Gold,2026-04-04 21:52:15.035739
2021-08-24,1805.5999755859375,1805.5999755859375,1801.0,1801.0,22,Gold,2026-04-04 21:52:15.035739
2021-08-25,1788.199951171875,1792.9000244140625,1784.0,1792.0,812,Gold,2026-04-04 21:52:15.035739
2021-08-26,1792.199951171875,1792.199951171875,1781.0,1787.4000244140625,61,Gold,2026-04-04 21:52:15.035739
2021-08-27,1816.5999755859375,1816.5999755859375,1803.0999755859375,1803.4000244140625,1219,Gold,2026-04-04 21:52:15.035739
2021-08-30,1809.0,1820.300048828125,1807.800048828125,1818.199951171875,684,Gold,2026-04-04 21:52:15.035739
2021-08-31,1815.0,1815.9000244140625,1801.0999755859375,1815.9000244140625,82,Gold,2026-04-04 21:52:15.035739
2021-09-01,1813.0999755859375,1815.9000244140625,1809.5,1813.5,114,Gold,2026-04-04 21:52:15.035739
2021-09-02,1808.699951171875,1813.9000244140625,1806.800048828125,1813.199951171875,26,Gold,2026-04-04 21:52:15.035739
2021-09-03,1830.9000244140625,1833.9000244140625,1818.9000244140625,1820.9000244140625,53,Gold,2026-04-04 21:52:15.035739
2021-09-07,1795.9000244140625,1825.699951171875,1792.699951171875,1825.699951171875,48,Gold,2026-04-04 21:52:15.035739
2021-09-08,1790.699951171875,1790.699951171875,1781.699951171875,1781.699951171875,69,Gold,2026-04-04 21:52:15.035739
2021-09-09,1797.4000244140625,1798.699951171875,1787.9000244140625,1798.699951171875,49,Gold,2026-04-04 21:52:15.035739
2021-09-10,1789.5999755859375,1789.5999755859375,1789.5999755859375,1789.5999755859375,0,Gold,2026-04-04 21:52:15.035739
2021-09-13,1792.0,1796.0,1784.0,1789.800048828125,533,Gold,2026-04-04 21:52:15.035739
2021-09-14,1804.699951171875,1806.199951171875,1783.0,1791.4000244140625,764,Gold,2026-04-04 21:52:15.035739
2021-09-15,1792.4000244140625,1803.699951171875,1792.4000244140625,1803.699951171875,59,Gold,2026-04-04 21:52:15.035739
2021-09-16,1754.5999755859375,1792.9000244140625,1743.9000244140625,1792.9000244140625,1645,Gold,2026-04-04 21:52:15.035739
2021-09-17,1749.4000244140625,1763.0,1749.4000244140625,1758.800048828125,581,Gold,2026-04-04 21:52:15.035739
2021-09-20,1761.800048828125,1761.800048828125,1750.9000244140625,1751.800048828125,185,Gold,2026-04-04 21:52:15.035739
2021-09-21,1776.0,1776.0,1759.0,1762.199951171875,106,Gold,2026-04-04 21:52:15.035739
2021-09-22,1776.699951171875,1784.300048828125,1767.0,1776.699951171875,17,Gold,2026-04-04 21:52:15.035739
2021-09-23,1747.699951171875,1766.800048828125,1738.199951171875,1766.800048828125,31,Gold,2026-04-04 21:52:15.035739
2021-09-24,1749.699951171875,1749.699951171875,1745.0,1749.699951171875,76,Gold,2026-04-04 21:52:15.035739
2021-09-27,1750.0,1754.4000244140625,1747.5,1751.699951171875,808,Gold,2026-04-04 21:52:15.035739
2021-09-28,1735.800048828125,1741.699951171875,1726.800048828125,1739.5999755859375,15748,Gold,2026-04-04 21:52:15.035739
2021-09-29,1721.5,1744.0999755859375,1721.4000244140625,1732.4000244140625,6634,Gold,2026-04-04 21:52:15.035739
2021-09-30,1755.300048828125,1760.300048828125,1724.5,1725.5,997,Gold,2026-04-04 21:52:15.035739
2021-10-01,1757.0,1762.5999755859375,1748.5,1754.300048828125,2220,Gold,2026-04-04 21:52:15.035739
2021-10-04,1766.199951171875,1768.9000244140625,1749.5,1764.5,417,Gold,2026-04-04 21:52:15.035739
2021-10-05,1759.5999755859375,1764.300048828125,1749.0,1764.300048828125,98,Gold,2026-04-04 21:52:15.035739
2021-10-06,1760.5,1762.9000244140625,1744.699951171875,1759.300048828125,56,Gold,2026-04-04 21:52:15.035739
2021-10-07,1757.9000244140625,1762.4000244140625,1752.800048828125,1762.4000244140625,336,Gold,2026-04-04 21:52:15.035739
2021-10-08,1756.300048828125,1780.0,1754.199951171875,1757.0,254,Gold,2026-04-04 21:52:15.035739
2021-10-11,1754.5999755859375,1757.800048828125,1752.199951171875,1756.5999755859375,128,Gold,2026-04-04 21:52:15.035739
2021-10-12,1758.300048828125,1768.0,1749.800048828125,1751.9000244140625,139,Gold,2026-04-04 21:52:15.035739
2021-10-13,1793.699951171875,1794.5,1760.800048828125,1760.800048828125,150,Gold,2026-04-04 21:52:15.035739
2021-10-14,1796.699951171875,1799.9000244140625,1792.0,1792.199951171875,337,Gold,2026-04-04 21:52:15.035739
2021-10-15,1767.199951171875,1795.4000244140625,1766.5999755859375,1794.5,874,Gold,2026-04-04 21:52:15.035739
2021-10-18,1764.800048828125,1770.0999755859375,1759.5,1761.5999755859375,266,Gold,2026-04-04 21:52:15.035739
2021-10-19,1769.699951171875,1785.0,1767.5,1777.5999755859375,51,Gold,2026-04-04 21:52:15.035739
2021-10-20,1784.0999755859375,1785.5999755859375,1774.0,1774.5999755859375,127,Gold,2026-04-04 21:52:15.035739
2021-10-21,1781.199951171875,1785.699951171875,1781.0,1782.0,146,Gold,2026-04-04 21:52:15.035739
2021-10-22,1795.5,1806.9000244140625,1784.0,1787.0999755859375,532,Gold,2026-04-04 21:52:15.035739
2021-10-25,1806.0,1809.0,1794.0,1794.300048828125,140,Gold,2026-04-04 21:52:15.035739
2021-10-26,1792.699951171875,1808.800048828125,1788.5999755859375,1808.800048828125,359,Gold,2026-04-04 21:52:15.035739
2021-10-27,1797.9000244140625,1798.0999755859375,1791.5,1791.5,543,Gold,2026-04-04 21:52:15.035739
2021-10-28,1801.5999755859375,1807.300048828125,1795.5,1795.5,452,Gold,2026-04-04 21:52:15.035739
2021-10-29,1783.0,1797.0,1774.5999755859375,1793.0999755859375,583,Gold,2026-04-04 21:52:15.035739
2021-11-01,1795.0999755859375,1795.0999755859375,1786.699951171875,1787.5,142,Gold,2026-04-04 21:52:15.035739
2021-11-02,1788.699951171875,1795.5,1787.699951171875,1790.5,213,Gold,2026-04-04 21:52:15.035739
2021-11-03,1763.5999755859375,1768.0,1761.800048828125,1768.0,108,Gold,2026-04-04 21:52:15.035739
2021-11-04,1793.0,1798.199951171875,1776.199951171875,1776.5999755859375,103,Gold,2026-04-04 21:52:15.035739
2021-11-05,1816.4000244140625,1817.0999755859375,1794.9000244140625,1794.9000244140625,239,Gold,2026-04-04 21:52:15.035739
2021-11-08,1827.4000244140625,1827.4000244140625,1816.9000244140625,1817.0,261,Gold,2026-04-04 21:52:15.035739
2021-11-09,1830.199951171875,1832.699951171875,1820.699951171875,1826.0999755859375,170,Gold,2026-04-04 21:52:15.035739
2021-11-10,1847.5999755859375,1865.0,1824.9000244140625,1825.800048828125,795,Gold,2026-04-04 21:52:15.035739
2021-11-11,1863.199951171875,1866.5,1853.9000244140625,1853.9000244140625,292,Gold,2026-04-04 21:52:15.035739
2021-11-12,1867.9000244140625,1867.9000244140625,1847.5999755859375,1860.800048828125,210,Gold,2026-04-04 21:52:15.035739
2021-11-15,1866.0999755859375,1866.9000244140625,1864.5,1864.5,87,Gold,2026-04-04 21:52:15.035739
2021-11-16,1853.5999755859375,1853.5999755859375,1853.5999755859375,1853.5999755859375,1,Gold,2026-04-04 21:52:15.035739
2021-11-17,1869.699951171875,1869.699951171875,1862.5999755859375,1862.5999755859375,2,Gold,2026-04-04 21:52:15.035739
2021-11-18,1861.0,1861.0,1861.0,1861.0,9,Gold,2026-04-04 21:52:15.035739
2021-11-19,1851.199951171875,1851.199951171875,1851.199951171875,1851.199951171875,21,Gold,2026-04-04 21:52:15.035739
2021-11-22,1806.0,1841.5999755859375,1805.699951171875,1841.5999755859375,14,Gold,2026-04-04 21:52:15.035739
2021-11-23,1783.5,1795.5,1783.5,1795.5,264,Gold,2026-04-04 21:52:15.035739
2021-11-24,1784.0999755859375,1793.0,1781.4000244140625,1793.0,188,Gold,2026-04-04 21:52:15.035739
2021-11-26,1785.300048828125,1791.4000244140625,1785.300048828125,1791.0999755859375,186800,Gold,2026-04-04 21:52:15.035739
2021-11-29,1782.300048828125,1798.9000244140625,1779.0999755859375,1791.699951171875,26926,Gold,2026-04-04 21:52:15.035739
2021-11-30,1773.5999755859375,1808.0999755859375,1768.699951171875,1783.9000244140625,4903,Gold,2026-04-04 21:52:15.035739
2021-12-01,1781.5999755859375,1790.5,1772.300048828125,1774.800048828125,1128,Gold,2026-04-04 21:52:15.035739
2021-12-02,1760.699951171875,1780.9000244140625,1760.5999755859375,1780.9000244140625,1557,Gold,2026-04-04 21:52:15.035739
2021-12-03,1782.0,1785.0999755859375,1766.5,1767.5,694,Gold,2026-04-04 21:52:15.035739
2021-12-06,1777.5,1783.0,1777.199951171875,1780.199951171875,381,Gold,2026-04-04 21:52:15.035739
2021-12-07,1782.5999755859375,1786.0999755859375,1772.300048828125,1779.5,308,Gold,2026-04-04 21:52:15.035739
2021-12-08,1783.4000244140625,1789.9000244140625,1779.0,1789.9000244140625,1383,Gold,2026-04-04 21:52:15.035739
2021-12-09,1774.5999755859375,1783.5,1771.800048828125,1783.5,455,Gold,2026-04-04 21:52:15.035739
2021-12-10,1782.9000244140625,1785.4000244140625,1769.0999755859375,1773.800048828125,545,Gold,2026-04-04 21:52:15.035739
2021-12-13,1786.300048828125,1787.0999755859375,1783.800048828125,1784.4000244140625,206,Gold,2026-04-04 21:52:15.035739
2021-12-14,1770.4000244140625,1787.0,1769.0,1787.0,322,Gold,2026-04-04 21:52:15.035739
2021-12-15,1762.5999755859375,1778.699951171875,1753.9000244140625,1767.4000244140625,283,Gold,2026-04-04 21:52:15.035739
2021-12-16,1796.5999755859375,1798.0999755859375,1781.0,1781.0,21,Gold,2026-04-04 21:52:15.035739
2021-12-17,1803.800048828125,1812.9000244140625,1803.800048828125,1804.0,654,Gold,2026-04-04 21:52:15.035739
2021-12-20,1793.699951171875,1799.800048828125,1792.0,1796.800048828125,226,Gold,2026-04-04 21:52:15.035739
2021-12-21,1787.9000244140625,1796.5,1787.9000244140625,1791.4000244140625,575,Gold,2026-04-04 21:52:15.035739
2021-12-22,1801.5999755859375,1805.199951171875,1785.5,1786.0,567,Gold,2026-04-04 21:52:15.035739
2021-12-23,1811.199951171875,1811.199951171875,1800.800048828125,1806.0,193,Gold,2026-04-04 21:52:15.035739
2021-12-27,1808.0999755859375,1812.0999755859375,1807.0,1810.0,150,Gold,2026-04-04 21:52:15.035739
2021-12-28,1810.199951171875,1818.0,1805.5,1812.0,146,Gold,2026-04-04 21:52:15.035739
2021-12-29,1805.0999755859375,1805.0999755859375,1791.4000244140625,1803.199951171875,623,Gold,2026-04-04 21:52:15.035739
2021-12-30,1812.699951171875,1816.0,1796.0,1801.699951171875,306,Gold,2026-04-04 21:52:15.035739
2021-12-31,1827.5,1827.800048828125,1821.4000244140625,1825.0999755859375,80,Gold,2026-04-04 21:52:15.035739
2022-01-03,1799.4000244140625,1830.0999755859375,1798.800048828125,1830.0999755859375,116,Gold,2026-04-04 21:52:15.035739
2022-01-04,1814.0,1815.300048828125,1800.0,1800.5,38,Gold,2026-04-04 21:52:15.035739
2022-01-05,1824.5999755859375,1824.5999755859375,1813.0999755859375,1813.0999755859375,8,Gold,2026-04-04 21:52:15.035739
2022-01-06,1788.699951171875,1791.300048828125,1787.0999755859375,1787.0999755859375,30,Gold,2026-04-04 21:52:15.035739
2022-01-07,1797.0,1797.0,1784.4000244140625,1791.800048828125,17,Gold,2026-04-04 21:52:15.035739
2022-01-10,1798.4000244140625,1798.699951171875,1790.4000244140625,1794.9000244140625,534,Gold,2026-04-04 21:52:15.035739
2022-01-11,1818.5999755859375,1822.5,1803.0,1803.9000244140625,743,Gold,2026-04-04 21:52:15.035739
2022-01-12,1827.199951171875,1827.199951171875,1816.9000244140625,1819.0,1547,Gold,2026-04-04 21:52:15.035739
2022-01-13,1821.199951171875,1823.0,1815.4000244140625,1819.800048828125,40,Gold,2026-04-04 21:52:15.035739
2022-01-14,1816.5,1822.0,1816.5,1821.5,816,Gold,2026-04-04 21:52:15.035739
2022-01-18,1812.300048828125,1820.0999755859375,1812.300048828125,1816.800048828125,900,Gold,2026-04-04 21:52:15.035739
2022-01-19,1843.0999755859375,1843.0999755859375,1817.4000244140625,1817.4000244140625,4,Gold,2026-04-04 21:52:15.035739
2022-01-20,1842.5,1843.0,1838.199951171875,1840.5999755859375,20,Gold,2026-04-04 21:52:15.035739
2022-01-21,1831.800048828125,1842.4000244140625,1828.9000244140625,1838.0,19,Gold,2026-04-04 21:52:15.035739
2022-01-24,1841.699951171875,1842.0999755859375,1837.9000244140625,1837.9000244140625,8,Gold,2026-04-04 21:52:15.035739
2022-01-25,1852.699951171875,1852.699951171875,1842.0,1843.0,11,Gold,2026-04-04 21:52:15.035739
2022-01-26,1829.9000244140625,1829.9000244140625,1829.9000244140625,1829.9000244140625,55,Gold,2026-04-04 21:52:15.035739
2022-01-27,1793.300048828125,1793.300048828125,1793.300048828125,1793.300048828125,196036,Gold,2026-04-04 21:52:15.035739
2022-01-28,1784.9000244140625,1798.4000244140625,1778.800048828125,1797.5,28521,Gold,2026-04-04 21:52:15.035739
2022-01-31,1795.0,1798.5,1785.0999755859375,1788.5,1735,Gold,2026-04-04 21:52:15.035739
2022-02-01,1800.300048828125,1806.0999755859375,1797.0999755859375,1797.199951171875,223,Gold,2026-04-04 21:52:15.035739
2022-02-02,1809.199951171875,1810.0999755859375,1795.0999755859375,1797.800048828125,1690,Gold,2026-04-04 21:52:15.035739
2022-02-03,1803.0,1808.0999755859375,1787.9000244140625,1805.800048828125,466,Gold,2026-04-04 21:52:15.035739
2022-02-04,1806.5999755859375,1813.699951171875,1792.5,1806.0,571,Gold,2026-04-04 21:52:15.035739
2022-02-07,1820.5999755859375,1821.300048828125,1809.0999755859375,1812.199951171875,601,Gold,2026-04-04 21:52:15.035739
2022-02-08,1826.5999755859375,1827.5999755859375,1815.0,1818.9000244140625,108,Gold,2026-04-04 21:52:15.035739
2022-02-09,1835.199951171875,1835.199951171875,1825.300048828125,1825.4000244140625,683,Gold,2026-04-04 21:52:15.035739
2022-02-10,1836.199951171875,1842.0999755859375,1820.800048828125,1833.300048828125,365,Gold,2026-04-04 21:52:15.035739
2022-02-11,1840.800048828125,1864.800048828125,1822.0,1822.0,181,Gold,2026-04-04 21:52:15.035739
2022-02-14,1868.0,1870.5999755859375,1854.5999755859375,1861.800048828125,79,Gold,2026-04-04 21:52:15.035739
2022-02-15,1854.800048828125,1879.699951171875,1847.4000244140625,1872.5999755859375,86,Gold,2026-04-04 21:52:15.035739
2022-02-16,1870.199951171875,1870.199951171875,1856.300048828125,1858.699951171875,34,Gold,2026-04-04 21:52:15.035739
2022-02-17,1900.699951171875,1900.699951171875,1876.199951171875,1876.300048828125,393,Gold,2026-04-04 21:52:15.035739
2022-02-18,1898.5999755859375,1899.4000244140625,1890.699951171875,1899.4000244140625,51,Gold,2026-04-04 21:52:15.035739
2022-02-22,1906.0999755859375,1912.0,1890.800048828125,1908.0999755859375,173,Gold,2026-04-04 21:52:15.035739
2022-02-23,1909.199951171875,1910.5999755859375,1895.699951171875,1896.5999755859375,73,Gold,2026-04-04 21:52:15.035739
2022-02-24,1925.0999755859375,1972.5,1911.699951171875,1911.9000244140625,2706,Gold,2026-04-04 21:52:15.035739
2022-02-25,1886.5,1920.0,1883.5999755859375,1906.9000244140625,586,Gold,2026-04-04 21:52:15.035739
2022-02-28,1899.4000244140625,1928.4000244140625,1894.199951171875,1928.300048828125,390,Gold,2026-04-04 21:52:15.035739
2022-03-01,1942.4000244140625,1942.4000244140625,1903.800048828125,1908.300048828125,547,Gold,2026-04-04 21:52:15.035739
2022-03-02,1920.9000244140625,1948.199951171875,1919.800048828125,1945.5999755859375,109,Gold,2026-04-04 21:52:15.035739
2022-03-03,1934.4000244140625,1940.300048828125,1924.800048828125,1930.5,122,Gold,2026-04-04 21:52:15.035739
2022-03-04,1965.0999755859375,1970.9000244140625,1935.5999755859375,1937.0,47,Gold,2026-04-04 21:52:15.035739
2022-03-07,1993.9000244140625,2001.0999755859375,1963.0,1989.0,2516,Gold,2026-04-04 21:52:15.035739
2022-03-08,2040.0999755859375,2072.0,1998.0,1999.4000244140625,1813,Gold,2026-04-04 21:52:15.035739
2022-03-09,1985.9000244140625,2063.0,1980.800048828125,2053.60009765625,1022,Gold,2026-04-04 21:52:15.035739
2022-03-10,1998.0999755859375,2010.5,1978.0999755859375,1978.0999755859375,670,Gold,2026-04-04 21:52:15.035739
2022-03-11,1982.699951171875,1996.0,1959.9000244140625,1985.0,865,Gold,2026-04-04 21:52:15.035739
2022-03-14,1959.5999755859375,1977.699951171875,1959.5999755859375,1976.5,145,Gold,2026-04-04 21:52:15.035739
2022-03-15,1928.5,1939.9000244140625,1910.699951171875,1939.800048828125,71,Gold,2026-04-04 21:52:15.035739
2022-03-16,1908.0,1922.4000244140625,1907.199951171875,1922.4000244140625,104,Gold,2026-04-04 21:52:15.035739
2022-03-17,1942.0999755859375,1947.199951171875,1933.9000244140625,1933.9000244140625,39,Gold,2026-04-04 21:52:15.035739
2022-03-18,1928.199951171875,1939.300048828125,1928.199951171875,1934.5,28,Gold,2026-04-04 21:52:15.035739
2022-03-21,1928.5999755859375,1928.5999755859375,1925.0,1925.4000244140625,5,Gold,2026-04-04 21:52:15.035739
2022-03-22,1920.699951171875,1920.699951171875,1920.699951171875,1920.699951171875,26,Gold,2026-04-04 21:52:15.035739
2022-03-23,1936.5999755859375,1936.5999755859375,1936.5999755859375,1936.5999755859375,204,Gold,2026-04-04 21:52:15.035739
2022-03-24,1961.5999755859375,1964.0,1961.5999755859375,1963.5999755859375,8,Gold,2026-04-04 21:52:15.035739
2022-03-25,1953.800048828125,1953.800048828125,1953.800048828125,1953.800048828125,83,Gold,2026-04-04 21:52:15.035739
2022-03-28,1939.5999755859375,1939.5999755859375,1932.5999755859375,1932.5999755859375,7,Gold,2026-04-04 21:52:15.035739
2022-03-29,1912.0,1912.0,1893.5,1893.5,128051,Gold,2026-04-04 21:52:15.035739
2022-03-30,1933.5,1937.0,1914.5,1918.4000244140625,17765,Gold,2026-04-04 21:52:15.035739
2022-03-31,1949.199951171875,1949.9000244140625,1919.0999755859375,1933.5,3617,Gold,2026-04-04 21:52:15.035739
2022-04-01,1919.0999755859375,1938.0,1917.0,1935.0,1016,Gold,2026-04-04 21:52:15.035739
2022-04-04,1929.199951171875,1936.0999755859375,1915.5999755859375,1921.199951171875,371,Gold,2026-04-04 21:52:15.035739
2022-04-05,1922.9000244140625,1943.5,1918.4000244140625,1927.0999755859375,412,Gold,2026-04-04 21:52:15.035739
2022-04-06,1918.4000244140625,1931.800048828125,1916.699951171875,1916.699951171875,138,Gold,2026-04-04 21:52:15.035739
2022-04-07,1933.800048828125,1934.800048828125,1919.5,1919.5,311,Gold,2026-04-04 21:52:15.035739
2022-04-08,1941.5999755859375,1947.699951171875,1928.800048828125,1928.800048828125,153,Gold,2026-04-04 21:52:15.035739
2022-04-11,1944.300048828125,1968.4000244140625,1941.800048828125,1946.5999755859375,163,Gold,2026-04-04 21:52:15.035739
2022-04-12,1972.0999755859375,1977.0999755859375,1950.5999755859375,1952.5,246,Gold,2026-04-04 21:52:15.035739
2022-04-13,1981.0,1981.0,1969.5,1969.5,204,Gold,2026-04-04 21:52:15.035739
2022-04-14,1970.9000244140625,1978.699951171875,1963.0,1977.199951171875,101,Gold,2026-04-04 21:52:15.035739
2022-04-18,1982.9000244140625,1997.0999755859375,1972.800048828125,1973.4000244140625,196,Gold,2026-04-04 21:52:15.035739
2022-04-19,1955.699951171875,1978.300048828125,1945.699951171875,1973.800048828125,130,Gold,2026-04-04 21:52:15.035739
2022-04-20,1952.300048828125,1953.5999755859375,1945.5,1945.5,621,Gold,2026-04-04 21:52:15.035739
2022-04-21,1944.9000244140625,1944.9000244140625,1942.5,1942.5,4,Gold,2026-04-04 21:52:15.035739
2022-04-22,1931.0,1950.4000244140625,1930.199951171875,1949.5999755859375,178,Gold,2026-04-04 21:52:15.035739
2022-04-25,1893.199951171875,1925.0,1889.300048828125,1925.0,748,Gold,2026-04-04 21:52:15.035739
2022-04-26,1901.4000244140625,1909.0999755859375,1894.0,1900.5,302,Gold,2026-04-04 21:52:15.035739
2022-04-27,1885.9000244140625,1900.5999755859375,1882.199951171875,1897.800048828125,1786,Gold,2026-04-04 21:52:15.035739
2022-04-28,1888.699951171875,1893.0,1872.9000244140625,1883.800048828125,513,Gold,2026-04-04 21:52:15.035739
2022-04-29,1909.300048828125,1918.199951171875,1902.4000244140625,1902.699951171875,132,Gold,2026-04-04 21:52:15.035739
2022-05-02,1861.800048828125,1896.800048828125,1853.0,1896.699951171875,385,Gold,2026-04-04 21:52:15.035739
2022-05-03,1868.800048828125,1868.800048828125,1868.800048828125,1868.800048828125,466,Gold,2026-04-04 21:52:15.035739
2022-05-04,1867.0,1867.0,1867.0,1867.0,1,Gold,2026-04-04 21:52:15.035739
2022-05-05,1874.0,1904.300048828125,1874.0,1897.0,80,Gold,2026-04-04 21:52:15.035739
2022-05-06,1881.199951171875,1890.300048828125,1871.5,1874.699951171875,214,Gold,2026-04-04 21:52:15.035739
2022-05-09,1857.0999755859375,1867.5,1854.0,1866.5999755859375,304,Gold,2026-04-04 21:52:15.035739
2022-05-10,1839.9000244140625,1839.9000244140625,1839.9000244140625,1839.9000244140625,1540,Gold,2026-04-04 21:52:15.035739
2022-05-11,1852.5999755859375,1852.5999755859375,1841.0,1841.5,892,Gold,2026-04-04 21:52:15.035739
2022-05-12,1823.800048828125,1851.9000244140625,1822.199951171875,1849.800048828125,153,Gold,2026-04-04 21:52:15.035739
2022-05-13,1807.4000244140625,1825.0,1807.4000244140625,1825.0,335,Gold,2026-04-04 21:52:15.035739
2022-05-16,1813.5,1813.5,1787.0,1790.5,34,Gold,2026-04-04 21:52:15.035739
2022-05-17,1818.199951171875,1828.5999755859375,1816.699951171875,1824.9000244140625,121,Gold,2026-04-04 21:52:15.035739
2022-05-18,1815.9000244140625,1819.699951171875,1805.0,1815.0,311,Gold,2026-04-04 21:52:15.035739
2022-05-19,1841.199951171875,1841.199951171875,1810.699951171875,1810.9000244140625,138,Gold,2026-04-04 21:52:15.035739
2022-05-20,1841.800048828125,1841.800048828125,1836.300048828125,1839.0999755859375,110,Gold,2026-04-04 21:52:15.035739
2022-05-23,1847.800048828125,1863.0,1845.800048828125,1846.300048828125,216,Gold,2026-04-04 21:52:15.035739
2022-05-24,1865.0999755859375,1867.0,1852.5,1852.5,33,Gold,2026-04-04 21:52:15.035739
2022-05-25,1846.199951171875,1846.199951171875,1846.199951171875,1846.199951171875,0,Gold,2026-04-04 21:52:15.035739
2022-05-26,1847.4000244140625,1847.4000244140625,1840.4000244140625,1840.4000244140625,123355,Gold,2026-04-04 21:52:15.035739
2022-05-27,1851.300048828125,1860.699951171875,1845.9000244140625,1848.300048828125,30091,Gold,2026-04-04 21:52:15.035739
2022-05-31,1842.699951171875,1862.0999755859375,1832.800048828125,1850.300048828125,4073,Gold,2026-04-04 21:52:15.035739
2022-06-01,1843.300048828125,1847.9000244140625,1825.300048828125,1831.0,1623,Gold,2026-04-04 21:52:15.035739
2022-06-02,1866.5,1868.699951171875,1842.0999755859375,1845.4000244140625,551,Gold,2026-04-04 21:52:15.035739
2022-06-03,1845.4000244140625,1871.800048828125,1845.4000244140625,1867.5999755859375,53,Gold,2026-04-04 21:52:15.035739
2022-06-06,1839.199951171875,1854.0999755859375,1839.199951171875,1849.0,142,Gold,2026-04-04 21:52:15.035739
2022-06-07,1847.5,1851.5999755859375,1835.0,1836.9000244140625,1168,Gold,2026-04-04 21:52:15.035739
2022-06-08,1851.9000244140625,1855.0,1844.4000244140625,1844.800048828125,218,Gold,2026-04-04 21:52:15.035739
2022-06-09,1848.800048828125,1850.0999755859375,1837.9000244140625,1846.0999755859375,159,Gold,2026-04-04 21:52:15.035739
2022-06-10,1871.5,1875.5999755859375,1823.9000244140625,1842.699951171875,1490,Gold,2026-04-04 21:52:15.035739
2022-06-13,1828.0,1873.800048828125,1818.699951171875,1873.800048828125,127,Gold,2026-04-04 21:52:15.035739
2022-06-14,1809.5,1825.5,1805.300048828125,1825.0,536,Gold,2026-04-04 21:52:15.035739
2022-06-15,1815.300048828125,1839.0,1810.800048828125,1814.0999755859375,108,Gold,2026-04-04 21:52:15.035739
2022-06-16,1845.699951171875,1850.5999755859375,1814.9000244140625,1819.199951171875,136,Gold,2026-04-04 21:52:15.035739
2022-06-17,1835.5999755859375,1853.699951171875,1833.5999755859375,1853.699951171875,170,Gold,2026-04-04 21:52:15.035739
2022-06-21,1834.5999755859375,1838.5999755859375,1830.0999755859375,1835.300048828125,216,Gold,2026-04-04 21:52:15.035739
2022-06-22,1834.300048828125,1842.699951171875,1821.5999755859375,1829.5,115,Gold,2026-04-04 21:52:15.035739
2022-06-23,1825.699951171875,1841.199951171875,1825.699951171875,1835.5,9,Gold,2026-04-04 21:52:15.035739
2022-06-24,1826.5,1826.5,1815.800048828125,1820.5,61,Gold,2026-04-04 21:52:15.035739
2022-06-27,1820.9000244140625,1830.699951171875,1819.9000244140625,1830.5,77,Gold,2026-04-04 21:52:15.035739
2022-06-28,1817.5,1826.0,1817.5,1824.199951171875,391,Gold,2026-04-04 21:52:15.035739
2022-06-29,1813.699951171875,1830.300048828125,1812.800048828125,1818.300048828125,173,Gold,2026-04-04 21:52:15.035739
2022-06-30,1804.0999755859375,1817.300048828125,1801.0,1809.5999755859375,328,Gold,2026-04-04 21:52:15.035739
2022-07-01,1798.9000244140625,1806.0999755859375,1791.5999755859375,1795.5,77,Gold,2026-04-04 21:52:15.035739
2022-07-05,1761.800048828125,1805.4000244140625,1761.800048828125,1805.4000244140625,64,Gold,2026-04-04 21:52:15.035739
2022-07-06,1734.9000244140625,1768.0,1734.0,1762.5,1729,Gold,2026-04-04 21:52:15.035739
2022-07-07,1737.9000244140625,1745.199951171875,1737.0,1745.199951171875,1869,Gold,2026-04-04 21:52:15.035739
2022-07-08,1740.5999755859375,1749.300048828125,1732.0999755859375,1738.0999755859375,370,Gold,2026-04-04 21:52:15.035739
2022-07-11,1730.0,1736.699951171875,1730.0,1732.5,75,Gold,2026-04-04 21:52:15.035739
2022-07-12,1723.300048828125,1735.5,1723.300048828125,1734.199951171875,451,Gold,2026-04-04 21:52:15.035739
2022-07-13,1734.199951171875,1734.199951171875,1710.0,1710.0,368,Gold,2026-04-04 21:52:15.035739
2022-07-14,1704.5,1710.5,1704.5,1710.300048828125,1289,Gold,2026-04-04 21:52:15.035739
2022-07-15,1702.4000244140625,1709.699951171875,1701.0999755859375,1705.4000244140625,721,Gold,2026-04-04 21:52:15.035739
2022-07-18,1709.199951171875,1712.4000244140625,1709.199951171875,1712.199951171875,264,Gold,2026-04-04 21:52:15.035739
2022-07-19,1710.0,1714.4000244140625,1706.0999755859375,1712.300048828125,1684,Gold,2026-04-04 21:52:15.035739
2022-07-20,1699.5,1708.5,1699.5,1707.0999755859375,130,Gold,2026-04-04 21:52:15.035739
2022-07-21,1712.699951171875,1715.5,1679.800048828125,1687.0,183,Gold,2026-04-04 21:52:15.035739
2022-07-22,1727.0999755859375,1735.0,1713.0,1713.300048828125,61,Gold,2026-04-04 21:52:15.035739
2022-07-25,1719.0,1732.0,1719.0,1727.0,67,Gold,2026-04-04 21:52:15.035739
2022-07-26,1717.699951171875,1718.0,1717.699951171875,1718.0,1,Gold,2026-04-04 21:52:15.035739
2022-07-27,1719.0999755859375,1719.0999755859375,1719.0999755859375,1719.0999755859375,144865,Gold,2026-04-04 21:52:15.035739
2022-07-28,1750.300048828125,1755.0,1732.0,1732.300048828125,37236,Gold,2026-04-04 21:52:15.035739
2022-07-29,1762.9000244140625,1765.699951171875,1750.0,1754.0,3485,Gold,2026-04-04 21:52:15.035739
2022-08-01,1769.0,1772.5,1756.0999755859375,1763.9000244140625,705,Gold,2026-04-04 21:52:15.035739
2022-08-02,1771.0999755859375,1786.5999755859375,1759.4000244140625,1772.0999755859375,1078,Gold,2026-04-04 21:52:15.035739
2022-08-03,1758.0,1770.5,1753.0,1756.699951171875,399,Gold,2026-04-04 21:52:15.035739
2022-08-04,1788.5,1792.0999755859375,1767.699951171875,1769.4000244140625,285,Gold,2026-04-04 21:52:15.035739
2022-08-05,1772.9000244140625,1791.4000244140625,1764.199951171875,1791.199951171875,645,Gold,2026-04-04 21:52:15.035739
2022-08-08,1786.800048828125,1786.800048828125,1771.800048828125,1771.800048828125,127,Gold,2026-04-04 21:52:15.035739
2022-08-09,1794.0,1796.0999755859375,1789.0,1790.0,249,Gold,2026-04-04 21:52:15.035739
2022-08-10,1795.5999755859375,1804.9000244140625,1787.800048828125,1804.4000244140625,601,Gold,2026-04-04 21:52:15.035739
2022-08-11,1789.699951171875,1794.300048828125,1785.699951171875,1794.300048828125,1235,Gold,2026-04-04 21:52:15.035739
2022-08-12,1798.5999755859375,1800.4000244140625,1784.300048828125,1786.300048828125,187,Gold,2026-04-04 21:52:15.035739
2022-08-15,1781.4000244140625,1799.0,1774.699951171875,1799.0,64,Gold,2026-04-04 21:52:15.035739
2022-08-16,1773.199951171875,1777.4000244140625,1771.4000244140625,1777.4000244140625,308,Gold,2026-04-04 21:52:15.035739
2022-08-17,1760.300048828125,1769.699951171875,1760.0,1769.699951171875,23,Gold,2026-04-04 21:52:15.035739
2022-08-18,1755.300048828125,1762.9000244140625,1753.4000244140625,1762.9000244140625,321,Gold,2026-04-04 21:52:15.035739
2022-08-19,1747.5999755859375,1754.300048828125,1747.5,1753.699951171875,49,Gold,2026-04-04 21:52:15.035739
2022-08-22,1734.0,1740.5,1726.5,1740.5,347,Gold,2026-04-04 21:52:15.035739
2022-08-23,1746.800048828125,1748.9000244140625,1731.9000244140625,1738.0,509,Gold,2026-04-04 21:52:15.035739
2022-08-24,1747.800048828125,1751.800048828125,1743.5999755859375,1745.0,187,Gold,2026-04-04 21:52:15.035739
2022-08-25,1757.699951171875,1761.800048828125,1755.0,1761.5999755859375,172,Gold,2026-04-04 21:52:15.035739
2022-08-26,1736.0999755859375,1755.0,1736.0999755859375,1754.0,202,Gold,2026-04-04 21:52:15.035739
2022-08-29,1736.5999755859375,1741.199951171875,1732.0999755859375,1732.4000244140625,950,Gold,2026-04-04 21:52:15.035739
2022-08-30,1723.199951171875,1739.0,1720.699951171875,1736.4000244140625,385,Gold,2026-04-04 21:52:15.035739
2022-08-31,1712.800048828125,1720.9000244140625,1708.5,1718.300048828125,2133,Gold,2026-04-04 21:52:15.035739
2022-09-01,1696.5999755859375,1707.9000244140625,1693.9000244140625,1707.9000244140625,683,Gold,2026-04-04 21:52:15.035739
2022-09-02,1709.800048828125,1715.699951171875,1703.0999755859375,1703.4000244140625,182,Gold,2026-04-04 21:52:15.035739
2022-09-06,1700.4000244140625,1717.4000244140625,1699.699951171875,1709.699951171875,697,Gold,2026-04-04 21:52:15.035739
2022-09-07,1715.300048828125,1715.300048828125,1694.699951171875,1694.800048828125,651,Gold,2026-04-04 21:52:15.035739
2022-09-08,1708.0,1718.199951171875,1705.300048828125,1718.199951171875,1193,Gold,2026-04-04 21:52:15.035739
2022-09-09,1716.199951171875,1720.0,1712.800048828125,1719.199951171875,635,Gold,2026-04-04 21:52:15.035739
2022-09-12,1728.0999755859375,1728.0999755859375,1727.4000244140625,1727.4000244140625,68,Gold,2026-04-04 21:52:15.035739
2022-09-13,1705.0,1720.5,1697.300048828125,1720.5,432,Gold,2026-04-04 21:52:15.035739
2022-09-14,1696.5,1701.800048828125,1696.5,1698.699951171875,532,Gold,2026-04-04 21:52:15.035739
2022-09-15,1665.4000244140625,1686.0,1662.300048828125,1685.5,1125,Gold,2026-04-04 21:52:15.035739
2022-09-16,1671.699951171875,1674.9000244140625,1651.699951171875,1660.4000244140625,464,Gold,2026-04-04 21:52:15.035739
2022-09-19,1666.199951171875,1669.4000244140625,1658.5,1661.800048828125,580,Gold,2026-04-04 21:52:15.035739
2022-09-20,1659.699951171875,1659.699951171875,1659.699951171875,1659.699951171875,2830,Gold,2026-04-04 21:52:15.035739
2022-09-21,1664.5999755859375,1680.0999755859375,1664.5999755859375,1665.5,2337,Gold,2026-04-04 21:52:15.035739
2022-09-22,1670.800048828125,1670.800048828125,1668.300048828125,1668.300048828125,973,Gold,2026-04-04 21:52:15.035739
2022-09-23,1645.300048828125,1667.0,1645.300048828125,1667.0,1224,Gold,2026-04-04 21:52:15.035739
2022-09-26,1623.300048828125,1623.300048828125,1623.300048828125,1623.300048828125,1205,Gold,2026-04-04 21:52:15.035739
2022-09-27,1626.699951171875,1636.5999755859375,1626.699951171875,1632.199951171875,888,Gold,2026-04-04 21:52:15.035739
2022-09-28,1660.4000244140625,1660.4000244140625,1620.4000244140625,1620.4000244140625,18311,Gold,2026-04-04 21:52:15.035739
2022-09-29,1658.5,1662.5999755859375,1640.0,1657.0,6028,Gold,2026-04-04 21:52:15.035739
2022-09-30,1662.4000244140625,1672.699951171875,1658.0,1661.699951171875,548,Gold,2026-04-04 21:52:15.035739
2022-10-03,1692.9000244140625,1700.0,1661.9000244140625,1667.199951171875,410,Gold,2026-04-04 21:52:15.035739
2022-10-04,1721.0999755859375,1728.0,1696.0,1701.199951171875,291,Gold,2026-04-04 21:52:15.035739
2022-10-05,1711.4000244140625,1726.5999755859375,1703.0,1724.0999755859375,418,Gold,2026-04-04 21:52:15.035739
2022-10-06,1711.699951171875,1723.300048828125,1709.0999755859375,1721.0,133,Gold,2026-04-04 21:52:15.035739
2022-10-07,1700.5,1710.0999755859375,1693.699951171875,1710.0999755859375,179,Gold,2026-04-04 21:52:15.035739
2022-10-10,1667.300048828125,1693.4000244140625,1667.0,1693.4000244140625,195,Gold,2026-04-04 21:52:15.035739
2022-10-11,1678.699951171875,1678.699951171875,1661.0,1661.800048828125,167,Gold,2026-04-04 21:52:15.035739
2022-10-12,1670.300048828125,1672.699951171875,1668.0,1668.0,149,Gold,2026-04-04 21:52:15.035739
2022-10-13,1670.0,1675.300048828125,1641.5,1675.199951171875,729,Gold,2026-04-04 21:52:15.035739
2022-10-14,1641.699951171875,1667.0,1640.0,1665.300048828125,82,Gold,2026-04-04 21:52:15.035739
2022-10-17,1657.0,1657.0,1646.800048828125,1650.199951171875,238,Gold,2026-04-04 21:52:15.035739
2022-10-18,1649.0,1655.199951171875,1649.0,1651.4000244140625,597,Gold,2026-04-04 21:52:15.035739
2022-10-19,1627.5,1637.5,1627.5,1637.5,84,Gold,2026-04-04 21:52:15.035739
2022-10-20,1630.800048828125,1641.4000244140625,1622.800048828125,1622.800048828125,477,Gold,2026-04-04 21:52:15.035739
2022-10-21,1651.0,1653.9000244140625,1634.0999755859375,1634.0999755859375,224,Gold,2026-04-04 21:52:15.035739
2022-10-24,1648.699951171875,1662.699951171875,1648.699951171875,1662.699951171875,29,Gold,2026-04-04 21:52:15.035739
2022-10-25,1652.800048828125,1652.800048828125,1637.300048828125,1648.199951171875,880,Gold,2026-04-04 21:52:15.035739
2022-10-26,1664.0,1667.0,1649.800048828125,1649.800048828125,89,Gold,2026-04-04 21:52:15.035739
2022-10-27,1660.699951171875,1660.699951171875,1660.699951171875,1660.699951171875,2298,Gold,2026-04-04 21:52:15.035739
2022-10-28,1639.5999755859375,1661.0,1638.699951171875,1661.0,626,Gold,2026-04-04 21:52:15.035739
2022-10-31,1635.9000244140625,1641.800048828125,1633.4000244140625,1641.800048828125,522,Gold,2026-04-04 21:52:15.035739
2022-11-01,1645.0,1653.699951171875,1630.800048828125,1630.800048828125,985,Gold,2026-04-04 21:52:15.035739
2022-11-02,1645.699951171875,1664.699951171875,1634.0,1650.800048828125,612,Gold,2026-04-04 21:52:15.035739
2022-11-03,1627.300048828125,1629.199951171875,1615.0999755859375,1629.199951171875,1427,Gold,2026-04-04 21:52:15.035739
2022-11-04,1672.5,1674.5,1629.0,1630.199951171875,159,Gold,2026-04-04 21:52:15.035739
2022-11-07,1676.5,1677.9000244140625,1672.9000244140625,1676.9000244140625,42,Gold,2026-04-04 21:52:15.035739
2022-11-08,1712.0999755859375,1712.0999755859375,1703.199951171875,1703.199951171875,23,Gold,2026-04-04 21:52:15.035739
2022-11-09,1710.0999755859375,1720.199951171875,1706.0,1707.4000244140625,497,Gold,2026-04-04 21:52:15.035739
2022-11-10,1750.300048828125,1750.300048828125,1708.199951171875,1708.199951171875,325,Gold,2026-04-04 21:52:15.035739
2022-11-11,1766.0,1766.0,1757.5999755859375,1763.800048828125,257,Gold,2026-04-04 21:52:15.035739
2022-11-14,1773.5999755859375,1773.5999755859375,1761.5999755859375,1762.0,358,Gold,2026-04-04 21:52:15.035739
2022-11-15,1773.800048828125,1773.800048828125,1769.9000244140625,1770.800048828125,57,Gold,2026-04-04 21:52:15.035739
2022-11-16,1773.0,1778.9000244140625,1773.0,1776.5999755859375,303,Gold,2026-04-04 21:52:15.035739
2022-11-17,1760.800048828125,1763.0,1756.0,1763.0,18,Gold,2026-04-04 21:52:15.035739
2022-11-18,1751.9000244140625,1763.300048828125,1747.5999755859375,1763.300048828125,414,Gold,2026-04-04 21:52:15.035739
2022-11-21,1737.4000244140625,1744.9000244140625,1736.0999755859375,1739.0,544,Gold,2026-04-04 21:52:15.035739
2022-11-22,1738.300048828125,1741.699951171875,1738.300048828125,1741.699951171875,15,Gold,2026-04-04 21:52:15.035739
2022-11-23,1744.9000244140625,1750.9000244140625,1736.5,1736.5,39,Gold,2026-04-04 21:52:15.035739
2022-11-25,1753.300048828125,1757.9000244140625,1749.199951171875,1753.0,216,Gold,2026-04-04 21:52:15.035739
2022-11-28,1740.0999755859375,1741.300048828125,1740.0999755859375,1741.300048828125,132767,Gold,2026-04-04 21:52:15.035739
2022-11-29,1748.4000244140625,1758.199951171875,1737.9000244140625,1739.5,19416,Gold,2026-04-04 21:52:15.035739
2022-11-30,1746.0,1769.4000244140625,1745.0999755859375,1748.0999755859375,3339,Gold,2026-04-04 21:52:15.035739
2022-12-01,1801.0999755859375,1803.699951171875,1768.699951171875,1768.699951171875,1053,Gold,2026-04-04 21:52:15.035739
2022-12-02,1795.9000244140625,1802.300048828125,1779.4000244140625,1802.0,1725,Gold,2026-04-04 21:52:15.035739
2022-12-05,1767.4000244140625,1808.0,1764.300048828125,1795.699951171875,1713,Gold,2026-04-04 21:52:15.035739
2022-12-06,1769.300048828125,1779.4000244140625,1767.9000244140625,1768.5999755859375,105,Gold,2026-04-04 21:52:15.035739
2022-12-07,1785.5,1790.300048828125,1769.300048828125,1769.300048828125,422,Gold,2026-04-04 21:52:15.035739
2022-12-08,1788.699951171875,1790.9000244140625,1782.0,1782.0,713,Gold,2026-04-04 21:52:15.035739
2022-12-09,1798.0999755859375,1804.300048828125,1791.0999755859375,1794.9000244140625,125,Gold,2026-04-04 21:52:15.035739
2022-12-12,1780.5,1793.9000244140625,1777.699951171875,1787.300048828125,85,Gold,2026-04-04 21:52:15.035739
2022-12-13,1813.9000244140625,1819.800048828125,1780.5,1780.699951171875,205,Gold,2026-04-04 21:52:15.035739
2022-12-14,1807.5,1812.800048828125,1797.9000244140625,1810.800048828125,1074,Gold,2026-04-04 21:52:15.035739
2022-12-15,1777.199951171875,1801.0,1774.800048828125,1801.0,421,Gold,2026-04-04 21:52:15.035739
2022-12-16,1790.0,1791.4000244140625,1777.9000244140625,1777.9000244140625,206,Gold,2026-04-04 21:52:15.035739
2022-12-19,1787.699951171875,1796.300048828125,1785.5999755859375,1791.5999755859375,79,Gold,2026-04-04 21:52:15.035739
2022-12-20,1815.9000244140625,1821.4000244140625,1786.5,1786.5,51,Gold,2026-04-04 21:52:15.035739
2022-12-21,1815.9000244140625,1821.4000244140625,1814.4000244140625,1817.4000244140625,35,Gold,2026-04-04 21:52:15.035739
2022-12-22,1787.0,1818.0999755859375,1785.0,1818.0999755859375,411,Gold,2026-04-04 21:52:15.035739
2022-12-23,1795.9000244140625,1802.800048828125,1794.0999755859375,1794.300048828125,49,Gold,2026-04-04 21:52:15.035739
2022-12-27,1814.800048828125,1826.300048828125,1803.4000244140625,1803.4000244140625,69,Gold,2026-04-04 21:52:15.035739
2022-12-28,1807.9000244140625,1807.9000244140625,1803.0999755859375,1803.199951171875,434,Gold,2026-04-04 21:52:15.035739
2022-12-29,1819.5,1819.5,1805.800048828125,1805.800048828125,277,Gold,2026-04-04 21:52:15.035739
2022-12-30,1819.699951171875,1822.300048828125,1816.800048828125,1817.0,95,Gold,2026-04-04 21:52:15.035739
2023-01-03,1839.699951171875,1839.699951171875,1836.199951171875,1836.199951171875,29,Gold,2026-04-04 21:52:15.035739
2023-01-04,1852.800048828125,1859.0999755859375,1845.5999755859375,1845.5999755859375,25,Gold,2026-04-04 21:52:15.035739
2023-01-05,1834.800048828125,1855.199951171875,1834.800048828125,1855.199951171875,24,Gold,2026-04-04 21:52:15.035739
2023-01-06,1864.199951171875,1868.199951171875,1835.300048828125,1838.4000244140625,26,Gold,2026-04-04 21:52:15.035739
2023-01-09,1872.699951171875,1880.0,1867.0,1867.0,62,Gold,2026-04-04 21:52:15.035739
2023-01-10,1871.5999755859375,1878.0999755859375,1871.5999755859375,1877.800048828125,101,Gold,2026-04-04 21:52:15.035739
2023-01-11,1874.5999755859375,1877.800048828125,1873.0999755859375,1873.0999755859375,1236,Gold,2026-04-04 21:52:15.035739
2023-01-12,1895.5,1897.4000244140625,1877.199951171875,1877.199951171875,59,Gold,2026-04-04 21:52:15.035739
2023-01-13,1918.4000244140625,1920.9000244140625,1898.300048828125,1899.0,512,Gold,2026-04-04 21:52:15.035739
2023-01-17,1907.199951171875,1920.0999755859375,1905.199951171875,1920.0999755859375,706,Gold,2026-04-04 21:52:15.035739
2023-01-18,1904.4000244140625,1911.0999755859375,1903.0999755859375,1911.0999755859375,1027,Gold,2026-04-04 21:52:15.035739
2023-01-19,1922.0999755859375,1931.800048828125,1922.0999755859375,1922.0999755859375,371,Gold,2026-04-04 21:52:15.035739
2023-01-20,1926.4000244140625,1928.5,1921.4000244140625,1922.0999755859375,1346,Gold,2026-04-04 21:52:15.035739
2023-01-23,1927.0999755859375,1927.0999755859375,1915.0,1926.5,218,Gold,2026-04-04 21:52:15.035739
2023-01-24,1933.9000244140625,1936.800048828125,1931.800048828125,1931.800048828125,201,Gold,2026-04-04 21:52:15.035739
2023-01-25,1941.199951171875,1941.199951171875,1939.800048828125,1941.199951171875,7,Gold,2026-04-04 21:52:15.035739
2023-01-26,1929.0999755859375,1937.0999755859375,1927.0999755859375,1936.5999755859375,131,Gold,2026-04-04 21:52:15.035739
2023-01-27,1928.5999755859375,1928.5999755859375,1928.5999755859375,1928.5999755859375,150902,Gold,2026-04-04 21:52:15.035739
2023-01-30,1922.9000244140625,1933.5999755859375,1920.300048828125,1928.300048828125,27220,Gold,2026-04-04 21:52:15.035739
2023-01-31,1929.5,1930.4000244140625,1900.5999755859375,1923.0,1910,Gold,2026-04-04 21:52:15.035739
2023-02-01,1927.800048828125,1955.0,1922.0,1927.199951171875,2290,Gold,2026-04-04 21:52:15.035739
2023-02-02,1916.300048828125,1959.0999755859375,1911.300048828125,1952.300048828125,748,Gold,2026-04-04 21:52:15.035739
2023-02-03,1862.9000244140625,1917.0,1861.5,1912.4000244140625,992,Gold,2026-04-04 21:52:15.035739
2023-02-06,1866.199951171875,1880.0,1863.4000244140625,1865.5999755859375,424,Gold,2026-04-04 21:52:15.035739
2023-02-07,1871.699951171875,1875.699951171875,1868.0,1870.0,297,Gold,2026-04-04 21:52:15.035739
2023-02-08,1877.4000244140625,1880.4000244140625,1872.0999755859375,1872.0999755859375,230,Gold,2026-04-04 21:52:15.035739
2023-02-09,1866.199951171875,1884.5999755859375,1859.800048828125,1875.300048828125,223,Gold,2026-04-04 21:52:15.035739
2023-02-10,1862.800048828125,1863.5,1852.4000244140625,1861.5999755859375,27,Gold,2026-04-04 21:52:15.035739
2023-02-13,1851.9000244140625,1861.0,1850.0,1859.0,569,Gold,2026-04-04 21:52:15.035739
2023-02-14,1854.0,1862.0,1846.199951171875,1854.0999755859375,656,Gold,2026-04-04 21:52:15.035739
2023-02-15,1834.199951171875,1842.0,1828.199951171875,1842.0,368,Gold,2026-04-04 21:52:15.035739
2023-02-16,1842.0,1843.699951171875,1827.199951171875,1838.5999755859375,222,Gold,2026-04-04 21:52:15.035739
2023-02-17,1840.4000244140625,1842.199951171875,1818.4000244140625,1827.4000244140625,35,Gold,2026-04-04 21:52:15.035739
2023-02-21,1833.0,1843.0,1833.0,1842.5999755859375,862,Gold,2026-04-04 21:52:15.035739
2023-02-22,1832.0,1836.199951171875,1825.0999755859375,1835.699951171875,278,Gold,2026-04-04 21:52:15.035739
2023-02-23,1818.0,1827.5,1818.0,1826.4000244140625,291,Gold,2026-04-04 21:52:15.035739
2023-02-24,1808.800048828125,1808.800048828125,1808.800048828125,1808.800048828125,404,Gold,2026-04-04 21:52:15.035739
2023-02-27,1817.0,1817.5,1808.9000244140625,1811.5999755859375,829,Gold,2026-04-04 21:52:15.035739
2023-02-28,1828.9000244140625,1830.0,1808.0999755859375,1808.0999755859375,618,Gold,2026-04-04 21:52:15.035739
2023-03-01,1837.699951171875,1841.699951171875,1827.0999755859375,1827.0999755859375,211,Gold,2026-04-04 21:52:15.035739
2023-03-02,1833.5,1836.300048828125,1830.0,1830.0,154,Gold,2026-04-04 21:52:15.035739
2023-03-03,1847.699951171875,1855.4000244140625,1837.300048828125,1837.300048828125,61,Gold,2026-04-04 21:52:15.035739
2023-03-06,1847.9000244140625,1853.800048828125,1844.199951171875,1853.300048828125,5,Gold,2026-04-04 21:52:15.035739
2023-03-07,1813.9000244140625,1840.9000244140625,1813.9000244140625,1840.9000244140625,450,Gold,2026-04-04 21:52:15.035739
2023-03-08,1812.699951171875,1812.9000244140625,1811.5,1811.5999755859375,75,Gold,2026-04-04 21:52:15.035739
2023-03-09,1829.300048828125,1829.300048828125,1815.5999755859375,1816.4000244140625,332,Gold,2026-04-04 21:52:15.035739
2023-03-10,1862.0,1868.5,1852.0,1852.300048828125,248,Gold,2026-04-04 21:52:15.035739
2023-03-13,1911.699951171875,1913.0999755859375,1875.0999755859375,1890.800048828125,503,Gold,2026-04-04 21:52:15.035739
2023-03-14,1906.199951171875,1912.199951171875,1901.0999755859375,1912.199951171875,107,Gold,2026-04-04 21:52:15.035739
2023-03-15,1926.5999755859375,1926.5999755859375,1898.5,1903.9000244140625,564,Gold,2026-04-04 21:52:15.035739
2023-03-16,1919.0,1931.699951171875,1909.9000244140625,1909.9000244140625,394,Gold,2026-04-04 21:52:15.035739
2023-03-17,1969.800048828125,1985.0999755859375,1946.0,1946.0,82,Gold,2026-04-04 21:52:15.035739
2023-03-20,1979.199951171875,2003.9000244140625,1968.9000244140625,1988.300048828125,389,Gold,2026-04-04 21:52:15.035739
2023-03-21,1938.0,1973.800048828125,1938.0,1973.800048828125,47,Gold,2026-04-04 21:52:15.035739
2023-03-22,1946.800048828125,1974.0,1946.800048828125,1946.800048828125,50,Gold,2026-04-04 21:52:15.035739
2023-03-23,1993.800048828125,1994.5999755859375,1990.5,1990.5,33,Gold,2026-04-04 21:52:15.035739
2023-03-24,1982.0999755859375,1995.4000244140625,1982.0999755859375,1991.699951171875,19,Gold,2026-04-04 21:52:15.035739
2023-03-27,1952.4000244140625,1957.199951171875,1952.4000244140625,1957.199951171875,877,Gold,2026-04-04 21:52:15.035739
2023-03-28,1972.4000244140625,1972.4000244140625,1972.4000244140625,1972.4000244140625,21,Gold,2026-04-04 21:52:15.035739
2023-03-29,1966.0999755859375,1966.0999755859375,1966.0999755859375,1966.0999755859375,88563,Gold,2026-04-04 21:52:15.035739
2023-03-30,1980.300048828125,1984.4000244140625,1954.9000244140625,1965.9000244140625,10119,Gold,2026-04-04 21:52:15.035739
2023-03-31,1969.0,1986.800048828125,1968.0,1981.300048828125,957,Gold,2026-04-04 21:52:15.035739
2023-04-03,1983.9000244140625,1991.699951171875,1950.0,1968.0999755859375,737,Gold,2026-04-04 21:52:15.035739
2023-04-04,2022.199951171875,2027.0999755859375,1979.0,1984.5999755859375,811,Gold,2026-04-04 21:52:15.035739
2023-04-05,2020.9000244140625,2033.800048828125,2013.5999755859375,2022.0999755859375,525,Gold,2026-04-04 21:52:15.035739
2023-04-06,2011.9000244140625,2023.300048828125,2005.0,2022.199951171875,0,Gold,2026-04-04 21:52:15.035739
2023-04-10,1989.0999755859375,2006.5999755859375,1984.0,2000.0,652,Gold,2026-04-04 21:52:15.035739
2023-04-11,2004.800048828125,2006.5,1991.4000244140625,1991.4000244140625,68,Gold,2026-04-04 21:52:15.035739
2023-04-12,2010.9000244140625,2025.699951171875,2005.199951171875,2005.199951171875,172,Gold,2026-04-04 21:52:15.035739
2023-04-13,2041.300048828125,2048.60009765625,2015.5999755859375,2015.5999755859375,1043,Gold,2026-04-04 21:52:15.035739
2023-04-14,2002.199951171875,2047.800048828125,1995.0,2041.0,718,Gold,2026-04-04 21:52:15.035739
2023-04-17,1994.199951171875,2007.5999755859375,1983.199951171875,2002.699951171875,554,Gold,2026-04-04 21:52:15.035739
2023-04-18,2007.4000244140625,2007.4000244140625,1996.9000244140625,1996.9000244140625,72,Gold,2026-04-04 21:52:15.035739
2023-04-19,1995.199951171875,2006.4000244140625,1969.800048828125,2005.699951171875,61,Gold,2026-04-04 21:52:15.035739
2023-04-20,2007.5999755859375,2007.5999755859375,1998.0,1998.0,164,Gold,2026-04-04 21:52:15.035739
2023-04-21,1979.5,1996.199951171875,1974.0999755859375,1996.199951171875,132,Gold,2026-04-04 21:52:15.035739
2023-04-24,1989.0999755859375,1989.800048828125,1977.4000244140625,1981.300048828125,145,Gold,2026-04-04 21:52:15.035739
2023-04-25,1994.0,1999.0999755859375,1982.300048828125,1995.699951171875,306,Gold,2026-04-04 21:52:15.035739
2023-04-26,1985.699951171875,1998.800048828125,1985.5999755859375,1997.800048828125,615,Gold,2026-04-04 21:52:15.035739
2023-04-27,1989.9000244140625,2002.300048828125,1979.9000244140625,1990.5999755859375,355,Gold,2026-04-04 21:52:15.035739
2023-04-28,1990.0999755859375,1990.0999755859375,1977.699951171875,1986.9000244140625,152,Gold,2026-04-04 21:52:15.035739
2023-05-01,1983.4000244140625,2005.0,1976.9000244140625,1980.0999755859375,210,Gold,2026-04-04 21:52:15.035739
2023-05-02,2014.300048828125,2018.0,1994.699951171875,1994.699951171875,1896,Gold,2026-04-04 21:52:15.035739
2023-05-03,2028.5999755859375,2035.0999755859375,2015.199951171875,2017.0999755859375,1349,Gold,2026-04-04 21:52:15.035739
2023-05-04,2048.0,2072.0,2040.0,2045.0,930,Gold,2026-04-04 21:52:15.035739
2023-05-05,2017.4000244140625,2046.4000244140625,2004.300048828125,2046.4000244140625,59,Gold,2026-04-04 21:52:15.035739
2023-05-08,2026.300048828125,2026.300048828125,2022.5,2022.5,3,Gold,2026-04-04 21:52:15.035739
2023-05-09,2036.199951171875,2037.300048828125,2025.9000244140625,2026.5999755859375,241,Gold,2026-04-04 21:52:15.035739
2023-05-10,2030.5,2044.300048828125,2029.5,2032.300048828125,248,Gold,2026-04-04 21:52:15.035739
2023-05-11,2014.699951171875,2038.300048828125,2014.0,2034.0999755859375,90,Gold,2026-04-04 21:52:15.035739
2023-05-12,2014.5,2014.5,2014.5,2014.5,115,Gold,2026-04-04 21:52:15.035739
2023-05-15,2018.0,2018.0,2013.800048828125,2013.800048828125,3,Gold,2026-04-04 21:52:15.035739
2023-05-16,1988.4000244140625,1988.4000244140625,1988.4000244140625,1988.4000244140625,49,Gold,2026-04-04 21:52:15.035739
2023-05-17,1980.699951171875,1983.5999755859375,1980.699951171875,1983.5999755859375,13,Gold,2026-04-04 21:52:15.035739
2023-05-18,1956.5,1956.800048828125,1956.5,1956.5,23,Gold,2026-04-04 21:52:15.035739
2023-05-19,1978.699951171875,1978.699951171875,1960.0,1960.0,106,Gold,2026-04-04 21:52:15.035739
2023-05-22,1974.800048828125,1980.5,1974.800048828125,1980.5,8,Gold,2026-04-04 21:52:15.035739
2023-05-23,1972.4000244140625,1972.4000244140625,1972.4000244140625,1972.4000244140625,1,Gold,2026-04-04 21:52:15.035739
2023-05-24,1962.800048828125,1975.4000244140625,1962.800048828125,1975.4000244140625,189,Gold,2026-04-04 21:52:15.035739
2023-05-25,1943.0999755859375,1943.0999755859375,1943.0999755859375,1943.0999755859375,1,Gold,2026-04-04 21:52:15.035739
2023-05-26,1944.0999755859375,1948.4000244140625,1944.0999755859375,1948.199951171875,166036,Gold,2026-04-04 21:52:15.035739
2023-05-30,1958.0,1962.5999755859375,1931.0,1942.699951171875,37838,Gold,2026-04-04 21:52:15.035739
2023-05-31,1963.9000244140625,1973.0,1953.0,1958.199951171875,5959,Gold,2026-04-04 21:52:15.035739
2023-06-01,1978.0,1983.0,1954.300048828125,1963.199951171875,750,Gold,2026-04-04 21:52:15.035739
2023-06-02,1952.4000244140625,1982.5,1947.4000244140625,1977.0999755859375,356,Gold,2026-04-04 21:52:15.035739
2023-06-05,1958.0,1961.9000244140625,1937.800048828125,1947.5,713,Gold,2026-04-04 21:52:15.035739
2023-06-06,1965.5,1965.5,1958.800048828125,1960.800048828125,164,Gold,2026-04-04 21:52:15.035739
2023-06-07,1942.699951171875,1968.4000244140625,1940.699951171875,1959.0,139,Gold,2026-04-04 21:52:15.035739
2023-06-08,1963.5999755859375,1969.0,1943.0999755859375,1943.199951171875,433,Gold,2026-04-04 21:52:15.035739
2023-06-09,1962.199951171875,1969.800048828125,1960.300048828125,1965.0999755859375,49,Gold,2026-04-04 21:52:15.035739
2023-06-12,1955.300048828125,1963.5,1951.4000244140625,1959.699951171875,212,Gold,2026-04-04 21:52:15.035739
2023-06-13,1944.5999755859375,1967.5,1940.300048828125,1960.5999755859375,343,Gold,2026-04-04 21:52:15.035739
2023-06-14,1955.300048828125,1958.199951171875,1940.300048828125,1946.199951171875,202,Gold,2026-04-04 21:52:15.035739
2023-06-15,1957.800048828125,1958.800048828125,1926.0,1941.699951171875,329,Gold,2026-04-04 21:52:15.035739
2023-06-16,1958.4000244140625,1962.9000244140625,1953.5,1961.4000244140625,119,Gold,2026-04-04 21:52:15.035739
2023-06-20,1935.5,1958.5999755859375,1931.300048828125,1958.5999755859375,193,Gold,2026-04-04 21:52:15.035739
2023-06-21,1933.300048828125,1936.800048828125,1920.0,1935.5999755859375,557,Gold,2026-04-04 21:52:15.035739
2023-06-22,1912.699951171875,1921.0,1912.0999755859375,1920.0,237,Gold,2026-04-04 21:52:15.035739
2023-06-23,1919.0999755859375,1932.5,1918.699951171875,1918.699951171875,105,Gold,2026-04-04 21:52:15.035739
2023-06-26,1923.699951171875,1928.5,1922.5,1922.9000244140625,71,Gold,2026-04-04 21:52:15.035739
2023-06-27,1914.0,1929.4000244140625,1914.0,1927.0,49,Gold,2026-04-04 21:52:15.035739
2023-06-28,1912.300048828125,1912.300048828125,1912.300048828125,1912.300048828125,628,Gold,2026-04-04 21:52:15.035739
2023-06-29,1909.199951171875,1909.9000244140625,1892.5,1909.9000244140625,289,Gold,2026-04-04 21:52:15.035739
2023-06-30,1921.0999755859375,1921.0999755859375,1900.5999755859375,1908.5999755859375,445,Gold,2026-04-04 21:52:15.035739
2023-07-03,1921.699951171875,1929.5,1917.9000244140625,1917.9000244140625,41,Gold,2026-04-04 21:52:15.035739
2023-07-05,1919.5999755859375,1933.9000244140625,1914.699951171875,1923.5,193,Gold,2026-04-04 21:52:15.035739
2023-07-06,1908.699951171875,1910.199951171875,1903.199951171875,1909.300048828125,81,Gold,2026-04-04 21:52:15.035739
2023-07-07,1926.199951171875,1934.0999755859375,1913.4000244140625,1913.4000244140625,61,Gold,2026-04-04 21:52:15.035739
2023-07-10,1925.0,1926.0999755859375,1912.300048828125,1923.5999755859375,269,Gold,2026-04-04 21:52:15.035739
2023-07-11,1931.300048828125,1937.0,1924.199951171875,1925.0,142,Gold,2026-04-04 21:52:15.035739
2023-07-12,1956.199951171875,1958.0,1932.199951171875,1932.300048828125,132,Gold,2026-04-04 21:52:15.035739
2023-07-13,1959.199951171875,1961.0999755859375,1953.0,1961.0999755859375,121,Gold,2026-04-04 21:52:15.035739
2023-07-14,1960.0999755859375,1960.5999755859375,1952.699951171875,1958.4000244140625,94,Gold,2026-04-04 21:52:15.035739
2023-07-17,1952.4000244140625,1956.5,1946.5999755859375,1954.0,29,Gold,2026-04-04 21:52:15.035739
2023-07-18,1977.199951171875,1978.4000244140625,1963.4000244140625,1968.800048828125,83,Gold,2026-04-04 21:52:15.035739
2023-07-19,1977.5,1977.5,1973.0,1977.0,35,Gold,2026-04-04 21:52:15.035739
2023-07-20,1968.300048828125,1973.699951171875,1965.5999755859375,1973.699951171875,638,Gold,2026-04-04 21:52:15.035739
2023-07-21,1964.300048828125,1964.300048828125,1961.800048828125,1961.800048828125,50,Gold,2026-04-04 21:52:15.035739
2023-07-24,1960.300048828125,1965.5,1960.300048828125,1965.300048828125,2,Gold,2026-04-04 21:52:15.035739
2023-07-25,1962.0999755859375,1962.5,1953.0,1953.0,19,Gold,2026-04-04 21:52:15.035739
2023-07-26,1968.9000244140625,1972.0,1966.199951171875,1966.199951171875,51,Gold,2026-04-04 21:52:15.035739
2023-07-27,1945.4000244140625,1945.4000244140625,1945.4000244140625,1945.4000244140625,194253,Gold,2026-04-04 21:52:15.035739
2023-07-28,1960.4000244140625,1962.199951171875,1944.199951171875,1945.5,23155,Gold,2026-04-04 21:52:15.035739
2023-07-31,1970.5,1971.5999755859375,1950.0,1959.199951171875,1025,Gold,2026-04-04 21:52:15.035739
2023-08-01,1940.699951171875,1965.4000244140625,1940.699951171875,1964.9000244140625,688,Gold,2026-04-04 21:52:15.035739
2023-08-02,1937.4000244140625,1953.5999755859375,1933.199951171875,1948.4000244140625,652,Gold,2026-04-04 21:52:15.035739
2023-08-03,1932.0,1936.5,1928.0,1934.199951171875,773,Gold,2026-04-04 21:52:15.035739
2023-08-04,1939.5999755859375,1945.0,1920.0,1934.9000244140625,290,Gold,2026-04-04 21:52:15.035739
2023-08-07,1933.5,1941.0,1929.800048828125,1941.0,376,Gold,2026-04-04 21:52:15.035739
2023-08-08,1924.0999755859375,1933.199951171875,1923.0,1931.699951171875,555,Gold,2026-04-04 21:52:15.035739
2023-08-09,1915.4000244140625,1928.800048828125,1913.699951171875,1925.4000244140625,451,Gold,2026-04-04 21:52:15.035739
2023-08-10,1914.4000244140625,1927.800048828125,1911.4000244140625,1921.0999755859375,178,Gold,2026-04-04 21:52:15.035739
2023-08-11,1912.9000244140625,1916.5999755859375,1911.800048828125,1913.0,57,Gold,2026-04-04 21:52:15.035739
2023-08-14,1910.5999755859375,1912.5999755859375,1903.300048828125,1909.300048828125,46,Gold,2026-04-04 21:52:15.035739
2023-08-15,1902.5,1907.699951171875,1895.0,1906.0,73,Gold,2026-04-04 21:52:15.035739
2023-08-16,1896.0999755859375,1904.5,1890.300048828125,1904.5,22,Gold,2026-04-04 21:52:15.035739
2023-08-17,1884.0999755859375,1902.4000244140625,1884.0,1893.699951171875,245,Gold,2026-04-04 21:52:15.035739
2023-08-18,1886.0999755859375,1891.800048828125,1886.0999755859375,1891.800048828125,19,Gold,2026-04-04 21:52:15.035739
2023-08-21,1893.300048828125,1893.5999755859375,1893.300048828125,1893.5999755859375,876,Gold,2026-04-04 21:52:15.035739
2023-08-22,1896.4000244140625,1896.800048828125,1892.800048828125,1894.5999755859375,46,Gold,2026-04-04 21:52:15.035739
2023-08-23,1918.5,1918.5,1909.5999755859375,1909.5999755859375,547,Gold,2026-04-04 21:52:15.035739
2023-08-24,1918.199951171875,1920.800048828125,1918.199951171875,1920.0,337,Gold,2026-04-04 21:52:15.035739
2023-08-25,1911.0999755859375,1919.800048828125,1911.0999755859375,1919.800048828125,195,Gold,2026-04-04 21:52:15.035739
2023-08-28,1917.9000244140625,1921.5,1915.5,1915.5,99,Gold,2026-04-04 21:52:15.035739
2023-08-29,1936.5,1936.5,1916.9000244140625,1917.9000244140625,1674,Gold,2026-04-04 21:52:15.035739
2023-08-30,1944.300048828125,1946.4000244140625,1934.5999755859375,1936.0,396,Gold,2026-04-04 21:52:15.035739
2023-08-31,1938.199951171875,1944.4000244140625,1938.199951171875,1944.4000244140625,491,Gold,2026-04-04 21:52:15.035739
2023-09-01,1939.800048828125,1950.0,1936.5999755859375,1950.0,167,Gold,2026-04-04 21:52:15.035739
2023-09-05,1926.199951171875,1934.4000244140625,1924.699951171875,1934.4000244140625,113,Gold,2026-04-04 21:52:15.035739
2023-09-06,1918.0999755859375,1925.300048828125,1916.300048828125,1924.0999755859375,24,Gold,2026-04-04 21:52:15.035739
2023-09-07,1917.5,1921.5,1917.5,1917.5999755859375,41,Gold,2026-04-04 21:52:15.035739
2023-09-08,1918.4000244140625,1924.699951171875,1918.4000244140625,1924.0,105,Gold,2026-04-04 21:52:15.035739
2023-09-11,1923.300048828125,1928.300048828125,1921.800048828125,1923.0,50,Gold,2026-04-04 21:52:15.035739
2023-09-12,1911.300048828125,1920.800048828125,1911.300048828125,1920.800048828125,365,Gold,2026-04-04 21:52:15.035739
2023-09-13,1909.0999755859375,1914.5999755859375,1908.9000244140625,1910.300048828125,15,Gold,2026-04-04 21:52:15.035739
2023-09-14,1910.0,1910.0,1903.0,1903.0,169,Gold,2026-04-04 21:52:15.035739
2023-09-15,1923.699951171875,1927.300048828125,1923.5,1923.5,8,Gold,2026-04-04 21:52:15.035739
2023-09-18,1931.5,1931.5,1926.4000244140625,1928.199951171875,19,Gold,2026-04-04 21:52:15.035739
2023-09-19,1932.0,1934.0,1932.0,1934.0,6,Gold,2026-04-04 21:52:15.035739
2023-09-20,1945.5999755859375,1945.5999755859375,1929.199951171875,1945.5999755859375,119,Gold,2026-04-04 21:52:15.035739
2023-09-21,1919.199951171875,1924.0,1919.199951171875,1924.0,9,Gold,2026-04-04 21:52:15.035739
2023-09-22,1925.4000244140625,1925.4000244140625,1925.4000244140625,1925.4000244140625,1,Gold,2026-04-04 21:52:15.035739
2023-09-25,1916.5999755859375,1916.5999755859375,1916.5999755859375,1916.5999755859375,114,Gold,2026-04-04 21:52:15.035739
2023-09-26,1900.4000244140625,1905.0999755859375,1900.4000244140625,1905.0,161,Gold,2026-04-04 21:52:15.035739
2023-09-27,1871.5999755859375,1871.5999755859375,1871.5999755859375,1871.5999755859375,12251,Gold,2026-04-04 21:52:15.035739
2023-09-28,1860.4000244140625,1878.199951171875,1856.699951171875,1875.5,4654,Gold,2026-04-04 21:52:15.035739
2023-09-29,1848.0999755859375,1872.300048828125,1846.0,1864.300048828125,1605,Gold,2026-04-04 21:52:15.035739
2023-10-02,1830.0,1845.9000244140625,1826.699951171875,1844.0999755859375,2309,Gold,2026-04-04 21:52:15.035739
2023-10-03,1824.5999755859375,1830.9000244140625,1816.800048828125,1825.0,310,Gold,2026-04-04 21:52:15.035739
2023-10-04,1818.5,1828.199951171875,1816.4000244140625,1821.800048828125,357,Gold,2026-04-04 21:52:15.035739
2023-10-05,1816.5999755859375,1826.300048828125,1815.5999755859375,1826.300048828125,393,Gold,2026-04-04 21:52:15.035739
2023-10-06,1830.199951171875,1831.800048828125,1809.4000244140625,1819.0,390,Gold,2026-04-04 21:52:15.035739
2023-10-09,1849.5,1861.5,1842.5,1842.5,232,Gold,2026-04-04 21:52:15.035739
2023-10-10,1861.0,1861.4000244140625,1852.800048828125,1857.0,236,Gold,2026-04-04 21:52:15.035739
2023-10-11,1872.800048828125,1874.5999755859375,1869.0999755859375,1869.5,65,Gold,2026-04-04 21:52:15.035739
2023-10-12,1869.300048828125,1881.199951171875,1867.0,1874.699951171875,46,Gold,2026-04-04 21:52:15.035739
2023-10-13,1927.4000244140625,1930.0999755859375,1877.5,1877.5,43,Gold,2026-04-04 21:52:15.035739
2023-10-16,1921.0999755859375,1921.0999755859375,1910.300048828125,1910.4000244140625,53,Gold,2026-04-04 21:52:15.035739
2023-10-17,1922.699951171875,1925.800048828125,1914.300048828125,1914.300048828125,103,Gold,2026-04-04 21:52:15.035739
2023-10-18,1955.300048828125,1957.9000244140625,1935.0,1935.0,67,Gold,2026-04-04 21:52:15.035739
2023-10-19,1968.4000244140625,1977.699951171875,1945.699951171875,1950.0999755859375,1945,Gold,2026-04-04 21:52:15.035739
2023-10-20,1982.5,1988.5999755859375,1980.4000244140625,1981.0999755859375,557,Gold,2026-04-04 21:52:15.035739
2023-10-23,1976.300048828125,1978.9000244140625,1972.9000244140625,1976.199951171875,127,Gold,2026-04-04 21:52:15.035739
2023-10-24,1975.0,1975.0,1970.300048828125,1970.300048828125,10,Gold,2026-04-04 21:52:15.035739
2023-10-25,1984.0999755859375,1985.300048828125,1971.199951171875,1971.199951171875,97,Gold,2026-04-04 21:52:15.035739
2023-10-26,1987.199951171875,1988.199951171875,1980.4000244140625,1988.199951171875,521,Gold,2026-04-04 21:52:15.035739
2023-10-27,1988.5999755859375,1988.5999755859375,1988.5999755859375,1988.5999755859375,372,Gold,2026-04-04 21:52:15.035739
2023-10-30,1996.199951171875,2004.0999755859375,1992.5,2004.0999755859375,157,Gold,2026-04-04 21:52:15.035739
2023-10-31,1985.199951171875,2001.0,1983.699951171875,1996.5,84,Gold,2026-04-04 21:52:15.035739
2023-11-01,1978.800048828125,1990.5,1977.800048828125,1990.5,41,Gold,2026-04-04 21:52:15.035739
2023-11-02,1985.5999755859375,1990.300048828125,1979.5,1989.0999755859375,39,Gold,2026-04-04 21:52:15.035739
2023-11-03,1991.5,1991.5,1989.0,1989.0,12,Gold,2026-04-04 21:52:15.035739
2023-11-06,1981.5999755859375,1981.5999755859375,1977.4000244140625,1981.5999755859375,130,Gold,2026-04-04 21:52:15.035739
2023-11-07,1966.800048828125,1966.800048828125,1960.699951171875,1966.5,20,Gold,2026-04-04 21:52:15.035739
2023-11-08,1951.5,1967.800048828125,1947.699951171875,1967.800048828125,43,Gold,2026-04-04 21:52:15.035739
2023-11-09,1964.199951171875,1964.199951171875,1945.300048828125,1951.699951171875,10,Gold,2026-04-04 21:52:15.035739
2023-11-10,1932.5999755859375,1959.5999755859375,1932.5999755859375,1959.5999755859375,375,Gold,2026-04-04 21:52:15.035739
2023-11-13,1945.5,1947.199951171875,1934.0,1939.9000244140625,191,Gold,2026-04-04 21:52:15.035739
2023-11-14,1961.800048828125,1965.800048828125,1961.800048828125,1965.800048828125,2,Gold,2026-04-04 21:52:15.035739
2023-11-15,1960.0999755859375,1962.800048828125,1960.0,1962.800048828125,6,Gold,2026-04-04 21:52:15.035739
2023-11-16,1983.9000244140625,1983.9000244140625,1964.5999755859375,1965.300048828125,39,Gold,2026-04-04 21:52:15.035739
2023-11-17,1981.5999755859375,1984.0,1979.800048828125,1982.5,32,Gold,2026-04-04 21:52:15.035739
2023-11-20,1977.699951171875,1979.4000244140625,1969.699951171875,1978.699951171875,182,Gold,2026-04-04 21:52:15.035739
2023-11-21,1999.300048828125,2005.5,1988.5,1990.699951171875,16,Gold,2026-04-04 21:52:15.035739
2023-11-22,1991.4000244140625,1999.4000244140625,1991.0,1999.0999755859375,6075,Gold,2026-04-04 21:52:15.035739
2023-11-24,2002.199951171875,2002.199951171875,1991.5,1991.9000244140625,63,Gold,2026-04-04 21:52:15.035739
2023-11-27,2011.800048828125,2011.800048828125,2011.699951171875,2011.699951171875,228,Gold,2026-04-04 21:52:15.035739
2023-11-28,2039.699951171875,2042.699951171875,2039.699951171875,2040.5999755859375,174665,Gold,2026-04-04 21:52:15.035739
2023-11-29,2047.0999755859375,2052.10009765625,2036.0,2041.699951171875,15290,Gold,2026-04-04 21:52:15.035739
2023-11-30,2038.0999755859375,2047.0999755859375,2033.0999755859375,2046.0999755859375,2506,Gold,2026-04-04 21:52:15.035739
2023-12-01,2071.0,2073.199951171875,2036.0,2038.300048828125,614,Gold,2026-04-04 21:52:15.035739
2023-12-04,2024.0999755859375,2130.199951171875,2021.0,2075.300048828125,1071,Gold,2026-04-04 21:52:15.035739
2023-12-05,2018.5,2037.0,2010.199951171875,2035.0999755859375,289,Gold,2026-04-04 21:52:15.035739
2023-12-06,2030.5,2035.800048828125,2019.0,2019.9000244140625,417,Gold,2026-04-04 21:52:15.035739
2023-12-07,2029.9000244140625,2034.9000244140625,2024.0,2029.199951171875,67,Gold,2026-04-04 21:52:15.035739
2023-12-08,1998.300048828125,2033.0999755859375,1995.0,2031.699951171875,449,Gold,2026-04-04 21:52:15.035739
2023-12-11,1978.0,2004.199951171875,1977.199951171875,2004.0999755859375,651,Gold,2026-04-04 21:52:15.035739
2023-12-12,1977.800048828125,1994.199951171875,1977.800048828125,1984.199951171875,95,Gold,2026-04-04 21:52:15.035739
2023-12-13,1982.300048828125,2024.800048828125,1975.0,1978.5,2252,Gold,2026-04-04 21:52:15.035739
2023-12-14,2030.199951171875,2040.0999755859375,2024.300048828125,2024.699951171875,236,Gold,2026-04-04 21:52:15.035739
2023-12-15,2021.0999755859375,2043.4000244140625,2018.300048828125,2032.5999755859375,261,Gold,2026-04-04 21:52:15.035739
2023-12-18,2026.300048828125,2032.800048828125,2024.0,2024.300048828125,100,Gold,2026-04-04 21:52:15.035739
2023-12-19,2038.4000244140625,2042.699951171875,2025.199951171875,2025.199951171875,498,Gold,2026-04-04 21:52:15.035739
2023-12-20,2034.5,2037.0999755859375,2030.300048828125,2037.0999755859375,258,Gold,2026-04-04 21:52:15.035739
2023-12-21,2039.0999755859375,2044.5,2033.0,2035.800048828125,228,Gold,2026-04-04 21:52:15.035739
2023-12-22,2057.10009765625,2068.699951171875,2052.199951171875,2055.699951171875,202,Gold,2026-04-04 21:52:15.035739
2023-12-26,2058.199951171875,2060.800048828125,2054.199951171875,2060.0,64,Gold,2026-04-04 21:52:15.035739
2023-12-27,2081.89990234375,2081.89990234375,2064.800048828125,2067.300048828125,586,Gold,2026-04-04 21:52:15.035739
2023-12-28,2073.89990234375,2087.300048828125,2066.5,2081.60009765625,338,Gold,2026-04-04 21:52:15.035739
2023-12-29,2062.39990234375,2068.89990234375,2062.10009765625,2068.0,47,Gold,2026-04-04 21:52:15.035739
2024-01-02,2064.39990234375,2073.699951171875,2057.10009765625,2063.5,61,Gold,2026-04-04 21:52:15.035739
2024-01-03,2034.199951171875,2044.0,2034.199951171875,2034.199951171875,54,Gold,2026-04-04 21:52:15.035739
2024-01-04,2042.300048828125,2044.5,2038.0,2041.5999755859375,88,Gold,2026-04-04 21:52:15.035739
2024-01-05,2042.4000244140625,2048.10009765625,2042.4000244140625,2044.5,12,Gold,2026-04-04 21:52:15.035739
2024-01-08,2026.5999755859375,2033.699951171875,2019.0999755859375,2019.0999755859375,10,Gold,2026-04-04 21:52:15.035739
2024-01-09,2026.4000244140625,2035.800048828125,2026.4000244140625,2035.800048828125,27,Gold,2026-04-04 21:52:15.035739
2024-01-10,2021.699951171875,2035.5999755859375,2021.699951171875,2029.0,538,Gold,2026-04-04 21:52:15.035739
2024-01-11,2014.300048828125,2025.0999755859375,2014.300048828125,2025.0999755859375,97,Gold,2026-04-04 21:52:15.035739
2024-01-12,2046.699951171875,2057.0,2031.0999755859375,2031.0999755859375,390,Gold,2026-04-04 21:52:15.035739
2024-01-16,2026.0,2054.800048828125,2026.0,2051.699951171875,46,Gold,2026-04-04 21:52:15.035739
2024-01-17,2002.5999755859375,2026.5,2002.5999755859375,2026.5,764,Gold,2026-04-04 21:52:15.035739
2024-01-18,2018.5999755859375,2018.5999755859375,2009.5,2012.800048828125,1474,Gold,2026-04-04 21:52:15.035739
2024-01-19,2026.5,2036.0,2019.5,2023.199951171875,50,Gold,2026-04-04 21:52:15.035739
2024-01-22,2019.800048828125,2021.300048828125,2019.800048828125,2021.300048828125,12,Gold,2026-04-04 21:52:15.035739
2024-01-23,2023.699951171875,2030.300048828125,2022.5,2030.300048828125,15,Gold,2026-04-04 21:52:15.035739
2024-01-24,2013.9000244140625,2033.199951171875,2013.9000244140625,2023.199951171875,253,Gold,2026-04-04 21:52:15.035739
2024-01-25,2016.9000244140625,2022.4000244140625,2012.0999755859375,2012.0999755859375,548,Gold,2026-04-04 21:52:15.035739
2024-01-26,2016.800048828125,2022.4000244140625,2016.800048828125,2021.699951171875,49,Gold,2026-04-04 21:52:15.035739
2024-01-29,2025.199951171875,2025.199951171875,2025.199951171875,2025.199951171875,150708,Gold,2026-04-04 21:52:15.035739
2024-01-30,2031.5,2048.5,2028.0999755859375,2032.5,26907,Gold,2026-04-04 21:52:15.035739
2024-01-31,2048.39990234375,2055.0,2030.0,2035.4000244140625,2007,Gold,2026-04-04 21:52:15.035739
2024-02-01,2053.0,2064.5,2029.0,2040.199951171875,947,Gold,2026-04-04 21:52:15.035739
2024-02-02,2036.0999755859375,2055.89990234375,2027.699951171875,2054.800048828125,888,Gold,2026-04-04 21:52:15.035739
2024-02-05,2025.699951171875,2040.800048828125,2013.800048828125,2038.9000244140625,412,Gold,2026-04-04 21:52:15.035739
2024-02-06,2034.5,2037.300048828125,2025.9000244140625,2025.9000244140625,249,Gold,2026-04-04 21:52:15.035739
2024-02-07,2035.199951171875,2039.5,2032.699951171875,2032.800048828125,71,Gold,2026-04-04 21:52:15.035739
2024-02-08,2032.199951171875,2036.699951171875,2020.300048828125,2028.0,341,Gold,2026-04-04 21:52:15.035739
2024-02-09,2023.300048828125,2032.0,2020.0,2032.0,62,Gold,2026-04-04 21:52:15.035739
2024-02-12,2018.199951171875,2025.5,2011.5999755859375,2025.5,317,Gold,2026-04-04 21:52:15.035739
2024-02-13,1992.9000244140625,2025.800048828125,1990.0,2025.0999755859375,198,Gold,2026-04-04 21:52:15.035739
2024-02-14,1990.300048828125,1993.5,1984.800048828125,1990.300048828125,1916,Gold,2026-04-04 21:52:15.035739
2024-02-15,2002.0999755859375,2007.199951171875,1993.5999755859375,1993.5999755859375,286,Gold,2026-04-04 21:52:15.035739
2024-02-16,2011.5,2011.5,1996.5,2005.0,32,Gold,2026-04-04 21:52:15.035739
2024-02-20,2027.5,2029.0,2015.5999755859375,2015.5999755859375,1326,Gold,2026-04-04 21:52:15.035739
2024-02-21,2022.300048828125,2028.199951171875,2022.300048828125,2028.199951171875,15,Gold,2026-04-04 21:52:15.035739
2024-02-22,2019.699951171875,2033.199951171875,2019.699951171875,2033.199951171875,964,Gold,2026-04-04 21:52:15.035739
2024-02-23,2038.5999755859375,2038.5999755859375,2014.9000244140625,2026.0,22,Gold,2026-04-04 21:52:15.035739
2024-02-26,2028.5,2035.4000244140625,2024.800048828125,2034.0999755859375,143,Gold,2026-04-04 21:52:15.035739
2024-02-27,2034.0,2035.9000244140625,2034.0,2035.9000244140625,964,Gold,2026-04-04 21:52:15.035739
2024-02-28,2033.0,2037.0,2024.800048828125,2029.5,581,Gold,2026-04-04 21:52:15.035739
2024-02-29,2045.699951171875,2049.800048828125,2034.300048828125,2034.300048828125,706,Gold,2026-04-04 21:52:15.035739
2024-03-01,2086.89990234375,2086.89990234375,2041.800048828125,2043.0999755859375,1210,Gold,2026-04-04 21:52:15.035739
2024-03-04,2117.699951171875,2119.800048828125,2080.699951171875,2083.60009765625,805,Gold,2026-04-04 21:52:15.035739
2024-03-05,2133.5,2133.5,2111.39990234375,2114.89990234375,1287,Gold,2026-04-04 21:52:15.035739
2024-03-06,2150.300048828125,2150.300048828125,2125.5,2125.5,443,Gold,2026-04-04 21:52:15.035739
2024-03-07,2158.0,2163.0,2147.0,2147.0,152,Gold,2026-04-04 21:52:15.035739
2024-03-08,2178.60009765625,2194.89990234375,2166.300048828125,2167.300048828125,259,Gold,2026-04-04 21:52:15.035739
2024-03-11,2182.5,2184.0,2177.199951171875,2181.0,738,Gold,2026-04-04 21:52:15.035739
2024-03-12,2160.39990234375,2182.699951171875,2160.39990234375,2182.5,550,Gold,2026-04-04 21:52:15.035739
2024-03-13,2175.39990234375,2175.39990234375,2162.5,2162.5,20,Gold,2026-04-04 21:52:15.035739
2024-03-14,2163.0,2163.0,2162.300048828125,2163.0,515,Gold,2026-04-04 21:52:15.035739
2024-03-15,2157.300048828125,2161.699951171875,2157.300048828125,2161.699951171875,100,Gold,2026-04-04 21:52:15.035739
2024-03-18,2160.699951171875,2160.699951171875,2146.199951171875,2146.199951171875,21,Gold,2026-04-04 21:52:15.035739
2024-03-19,2156.300048828125,2156.300048828125,2156.10009765625,2156.10009765625,12,Gold,2026-04-04 21:52:15.035739
2024-03-20,2157.89990234375,2185.89990234375,2150.89990234375,2157.300048828125,17,Gold,2026-04-04 21:52:15.035739
2024-03-21,2182.39990234375,2211.60009765625,2182.39990234375,2207.0,63,Gold,2026-04-04 21:52:15.035739
2024-03-22,2158.10009765625,2179.60009765625,2157.5,2179.199951171875,19,Gold,2026-04-04 21:52:15.035739
2024-03-25,2174.800048828125,2179.39990234375,2166.199951171875,2166.199951171875,79,Gold,2026-04-04 21:52:15.035739
2024-03-26,2175.60009765625,2182.699951171875,2175.60009765625,2182.699951171875,202373,Gold,2026-04-04 21:52:15.035739
2024-03-27,2190.60009765625,2196.199951171875,2172.10009765625,2179.39990234375,31200,Gold,2026-04-04 21:52:15.035739
2024-03-28,2217.39990234375,2234.10009765625,2187.10009765625,2193.60009765625,2040,Gold,2026-04-04 21:52:15.035739
2024-04-01,2236.5,2264.199951171875,2230.0,2235.699951171875,400,Gold,2026-04-04 21:52:15.035739
2024-04-02,2261.0,2279.199951171875,2247.60009765625,2252.0,435,Gold,2026-04-04 21:52:15.035739
2024-04-03,2294.39990234375,2298.800048828125,2267.89990234375,2281.699951171875,285,Gold,2026-04-04 21:52:15.035739
2024-04-04,2288.800048828125,2302.89990234375,2280.0,2301.699951171875,251,Gold,2026-04-04 21:52:15.035739
2024-04-05,2325.699951171875,2328.39990234375,2267.39990234375,2289.199951171875,344,Gold,2026-04-04 21:52:15.035739
2024-04-08,2331.699951171875,2341.800048828125,2319.0,2325.60009765625,202,Gold,2026-04-04 21:52:15.035739
2024-04-09,2343.5,2364.699951171875,2337.800048828125,2337.800048828125,211,Gold,2026-04-04 21:52:15.035739
2024-04-10,2329.60009765625,2358.10009765625,2327.699951171875,2346.60009765625,377,Gold,2026-04-04 21:52:15.035739
2024-04-11,2354.800048828125,2376.300048828125,2330.60009765625,2341.5,283,Gold,2026-04-04 21:52:15.035739
2024-04-12,2356.199951171875,2429.0,2334.300048828125,2377.300048828125,584,Gold,2026-04-04 21:52:15.035739
2024-04-15,2365.800048828125,2384.699951171875,2326.0,2362.10009765625,1801,Gold,2026-04-04 21:52:15.035739
2024-04-16,2390.800048828125,2390.800048828125,2371.39990234375,2384.0,41,Gold,2026-04-04 21:52:15.035739
2024-04-17,2371.699951171875,2391.39990234375,2369.300048828125,2384.199951171875,37,Gold,2026-04-04 21:52:15.035739
2024-04-18,2382.300048828125,2384.39990234375,2368.39990234375,2368.39990234375,128,Gold,2026-04-04 21:52:15.035739
2024-04-19,2398.39990234375,2399.800048828125,2377.300048828125,2379.300048828125,160,Gold,2026-04-04 21:52:15.035739
2024-04-22,2332.199951171875,2383.300048828125,2326.89990234375,2383.300048828125,53,Gold,2026-04-04 21:52:15.035739
2024-04-23,2327.699951171875,2330.800048828125,2294.199951171875,2327.699951171875,171,Gold,2026-04-04 21:52:15.035739
2024-04-24,2324.5,2328.699951171875,2314.60009765625,2321.300048828125,95,Gold,2026-04-04 21:52:15.035739
2024-04-25,2329.800048828125,2329.800048828125,2305.0,2315.0,1024,Gold,2026-04-04 21:52:15.035739
2024-04-26,2334.800048828125,2347.89990234375,2332.800048828125,2347.89990234375,717,Gold,2026-04-04 21:52:15.035739
2024-04-29,2345.39990234375,2345.5,2327.89990234375,2334.800048828125,405,Gold,2026-04-04 21:52:15.035739
2024-04-30,2291.39990234375,2322.5,2291.39990234375,2322.5,113,Gold,2026-04-04 21:52:15.035739
2024-05-01,2299.89990234375,2327.300048828125,2283.800048828125,2287.699951171875,42,Gold,2026-04-04 21:52:15.035739
2024-05-02,2299.199951171875,2324.699951171875,2292.300048828125,2321.699951171875,56,Gold,2026-04-04 21:52:15.035739
2024-05-03,2299.0,2301.0,2277.60009765625,2300.0,194,Gold,2026-04-04 21:52:15.035739
2024-05-06,2321.60009765625,2325.5,2314.199951171875,2322.800048828125,9,Gold,2026-04-04 21:52:15.035739
2024-05-07,2315.199951171875,2324.300048828125,2315.199951171875,2324.300048828125,25,Gold,2026-04-04 21:52:15.035739
2024-05-08,2313.60009765625,2313.60009765625,2313.60009765625,2313.60009765625,4,Gold,2026-04-04 21:52:15.035739
2024-05-09,2332.10009765625,2339.5,2310.699951171875,2310.699951171875,5,Gold,2026-04-04 21:52:15.035739
2024-05-10,2367.300048828125,2367.300048828125,2367.300048828125,2367.300048828125,126,Gold,2026-04-04 21:52:15.035739
2024-05-13,2336.10009765625,2358.300048828125,2336.10009765625,2358.300048828125,14,Gold,2026-04-04 21:52:15.035739
2024-05-14,2353.39990234375,2358.0,2336.0,2336.0,6,Gold,2026-04-04 21:52:15.035739
2024-05-15,2388.699951171875,2388.699951171875,2356.0,2361.60009765625,29,Gold,2026-04-04 21:52:15.035739
2024-05-16,2380.0,2392.199951171875,2380.0,2389.5,7,Gold,2026-04-04 21:52:15.035739
2024-05-17,2412.199951171875,2415.800048828125,2380.699951171875,2380.699951171875,213,Gold,2026-04-04 21:52:15.035739
2024-05-20,2433.89990234375,2435.800048828125,2409.699951171875,2415.800048828125,40,Gold,2026-04-04 21:52:15.035739
2024-05-21,2421.699951171875,2429.5,2421.0,2429.5,6,Gold,2026-04-04 21:52:15.035739
2024-05-22,2389.199951171875,2417.60009765625,2375.800048828125,2417.5,180,Gold,2026-04-04 21:52:15.035739
2024-05-23,2335.0,2371.199951171875,2335.0,2371.199951171875,365,Gold,2026-04-04 21:52:15.035739
2024-05-24,2332.5,2345.39990234375,2332.5,2342.60009765625,25,Gold,2026-04-04 21:52:15.035739
2024-05-28,2355.199951171875,2359.699951171875,2336.89990234375,2336.89990234375,26,Gold,2026-04-04 21:52:15.035739
2024-05-29,2340.300048828125,2340.300048828125,2340.300048828125,2340.300048828125,119317,Gold,2026-04-04 21:52:15.035739
2024-05-30,2342.89990234375,2349.5,2320.800048828125,2336.89990234375,32587,Gold,2026-04-04 21:52:15.035739
2024-05-31,2322.89990234375,2354.0,2319.0,2344.10009765625,941,Gold,2026-04-04 21:52:15.035739
2024-06-03,2346.60009765625,2347.5,2312.0,2322.60009765625,781,Gold,2026-04-04 21:52:15.035739
2024-06-04,2325.5,2347.699951171875,2313.89990234375,2347.5,890,Gold,2026-04-04 21:52:15.035739
2024-06-05,2354.10009765625,2354.300048828125,2326.199951171875,2326.39990234375,295,Gold,2026-04-04 21:52:15.035739
2024-06-06,2370.300048828125,2375.800048828125,2355.0,2355.0,179,Gold,2026-04-04 21:52:15.035739
2024-06-07,2305.199951171875,2385.10009765625,2285.39990234375,2379.89990234375,269,Gold,2026-04-04 21:52:15.035739
2024-06-10,2307.699951171875,2309.300048828125,2290.5,2290.60009765625,69,Gold,2026-04-04 21:52:15.035739
2024-06-11,2307.5,2314.10009765625,2300.0,2300.0,871,Gold,2026-04-04 21:52:15.035739
2024-06-12,2336.0,2338.699951171875,2310.300048828125,2314.89990234375,132,Gold,2026-04-04 21:52:15.035739
2024-06-13,2300.199951171875,2317.699951171875,2296.199951171875,2309.39990234375,298,Gold,2026-04-04 21:52:15.035739
2024-06-14,2331.39990234375,2331.39990234375,2305.800048828125,2307.0,948,Gold,2026-04-04 21:52:15.035739
2024-06-17,2312.39990234375,2320.199951171875,2309.60009765625,2320.199951171875,110,Gold,2026-04-04 21:52:15.035739
2024-06-18,2330.39990234375,2330.39990234375,2311.800048828125,2311.800048828125,43,Gold,2026-04-04 21:52:15.035739
2024-06-20,2353.800048828125,2354.0,2328.300048828125,2328.89990234375,183,Gold,2026-04-04 21:52:15.035739
2024-06-21,2316.39990234375,2331.199951171875,2316.39990234375,2331.199951171875,76,Gold,2026-04-04 21:52:15.035739
2024-06-24,2330.0,2332.89990234375,2322.699951171875,2323.300048828125,99,Gold,2026-04-04 21:52:15.035739
2024-06-25,2316.60009765625,2333.0,2316.60009765625,2324.39990234375,105,Gold,2026-04-04 21:52:15.035739
2024-06-26,2299.199951171875,2314.39990234375,2298.0,2307.89990234375,986,Gold,2026-04-04 21:52:15.035739
2024-06-27,2324.5,2329.0,2295.0,2296.800048828125,1532,Gold,2026-04-04 21:52:15.035739
2024-06-28,2327.699951171875,2338.300048828125,2319.0,2325.39990234375,92,Gold,2026-04-04 21:52:15.035739
2024-07-01,2327.60009765625,2329.699951171875,2321.699951171875,2323.800048828125,237,Gold,2026-04-04 21:52:15.035739
2024-07-02,2323.0,2334.60009765625,2323.0,2330.699951171875,30,Gold,2026-04-04 21:52:15.035739
2024-07-03,2359.800048828125,2361.60009765625,2330.89990234375,2330.89990234375,59,Gold,2026-04-04 21:52:15.035739
2024-07-05,2388.5,2388.5,2354.89990234375,2354.89990234375,72,Gold,2026-04-04 21:52:15.035739
2024-07-08,2355.199951171875,2383.800048828125,2352.800048828125,2381.699951171875,64,Gold,2026-04-04 21:52:15.035739
2024-07-09,2360.10009765625,2363.699951171875,2360.10009765625,2363.10009765625,9,Gold,2026-04-04 21:52:15.035739
2024-07-10,2372.199951171875,2377.0,2365.800048828125,2366.300048828125,19,Gold,2026-04-04 21:52:15.035739
2024-07-11,2415.0,2416.699951171875,2378.699951171875,2378.699951171875,72,Gold,2026-04-04 21:52:15.035739
2024-07-12,2414.0,2414.0,2391.300048828125,2399.800048828125,355,Gold,2026-04-04 21:52:15.035739
2024-07-15,2422.89990234375,2436.0,2422.89990234375,2430.0,540,Gold,2026-04-04 21:52:15.035739
2024-07-16,2462.39990234375,2462.39990234375,2427.39990234375,2427.39990234375,93,Gold,2026-04-04 21:52:15.035739
2024-07-17,2454.800048828125,2473.10009765625,2454.800048828125,2472.89990234375,10,Gold,2026-04-04 21:52:15.035739
2024-07-18,2451.800048828125,2466.0,2451.800048828125,2466.0,2,Gold,2026-04-04 21:52:15.035739
2024-07-19,2395.5,2419.199951171875,2395.5,2418.800048828125,15,Gold,2026-04-04 21:52:15.035739
2024-07-22,2392.0,2402.10009765625,2392.0,2402.10009765625,18,Gold,2026-04-04 21:52:15.035739
2024-07-23,2404.60009765625,2404.60009765625,2388.699951171875,2395.800048828125,41,Gold,2026-04-04 21:52:15.035739
2024-07-24,2413.300048828125,2421.0,2411.60009765625,2421.0,6,Gold,2026-04-04 21:52:15.035739
2024-07-25,2351.89990234375,2365.5,2351.89990234375,2365.5,31,Gold,2026-04-04 21:52:15.035739
2024-07-26,2380.0,2386.89990234375,2368.699951171875,2368.699951171875,95,Gold,2026-04-04 21:52:15.035739
2024-07-29,2377.300048828125,2377.300048828125,2377.300048828125,2377.300048828125,126409,Gold,2026-04-04 21:52:15.035739
2024-07-30,2405.0,2409.300048828125,2373.800048828125,2380.89990234375,25944,Gold,2026-04-04 21:52:15.035739
2024-07-31,2426.5,2447.60009765625,2402.800048828125,2407.10009765625,1313,Gold,2026-04-04 21:52:15.035739
2024-08-01,2435.0,2455.10009765625,2430.39990234375,2446.699951171875,690,Gold,2026-04-04 21:52:15.035739
2024-08-02,2425.699951171875,2477.0,2416.0,2444.0,550,Gold,2026-04-04 21:52:15.035739
2024-08-05,2401.699951171875,2449.800048828125,2367.39990234375,2442.0,334,Gold,2026-04-04 21:52:15.035739
2024-08-06,2389.10009765625,2421.800048828125,2380.0,2414.5,163,Gold,2026-04-04 21:52:15.035739
2024-08-07,2390.5,2401.0,2384.5,2392.199951171875,130,Gold,2026-04-04 21:52:15.035739
2024-08-08,2422.199951171875,2422.800048828125,2384.300048828125,2384.300048828125,201,Gold,2026-04-04 21:52:15.035739
2024-08-09,2432.10009765625,2432.10009765625,2418.5,2422.300048828125,611,Gold,2026-04-04 21:52:15.035739
2024-08-12,2462.39990234375,2469.800048828125,2432.0,2432.699951171875,566,Gold,2026-04-04 21:52:15.035739
2024-08-13,2466.699951171875,2470.0,2456.5,2461.0,510,Gold,2026-04-04 21:52:15.035739
2024-08-14,2439.39990234375,2472.10009765625,2439.39990234375,2468.0,274,Gold,2026-04-04 21:52:15.035739
2024-08-15,2453.10009765625,2467.699951171875,2431.199951171875,2451.800048828125,285,Gold,2026-04-04 21:52:15.035739
2024-08-16,2498.60009765625,2508.0,2451.39990234375,2453.5,197,Gold,2026-04-04 21:52:15.035739
2024-08-19,2501.800048828125,2508.5,2487.199951171875,2508.5,88,Gold,2026-04-04 21:52:15.035739
2024-08-20,2511.300048828125,2527.300048828125,2500.699951171875,2503.5,187,Gold,2026-04-04 21:52:15.035739
2024-08-21,2508.39990234375,2515.39990234375,2503.89990234375,2511.0,96,Gold,2026-04-04 21:52:15.035739
2024-08-22,2478.89990234375,2504.10009765625,2471.10009765625,2504.10009765625,210,Gold,2026-04-04 21:52:15.035739
2024-08-23,2508.39990234375,2508.39990234375,2486.5,2486.5,94,Gold,2026-04-04 21:52:15.035739
2024-08-26,2517.699951171875,2523.10009765625,2509.10009765625,2509.89990234375,290,Gold,2026-04-04 21:52:15.035739
2024-08-27,2516.0,2523.10009765625,2506.89990234375,2515.199951171875,100,Gold,2026-04-04 21:52:15.035739
2024-08-28,2501.0,2501.0,2501.0,2501.0,2353,Gold,2026-04-04 21:52:15.035739
2024-08-29,2525.699951171875,2525.699951171875,2503.89990234375,2504.10009765625,3966,Gold,2026-04-04 21:52:15.035739
2024-08-30,2493.800048828125,2525.39990234375,2493.800048828125,2519.5,208,Gold,2026-04-04 21:52:15.035739
2024-09-03,2489.89990234375,2501.800048828125,2476.300048828125,2501.60009765625,206,Gold,2026-04-04 21:52:15.035739
2024-09-04,2493.39990234375,2493.39990234375,2483.5,2490.89990234375,470,Gold,2026-04-04 21:52:15.035739
2024-09-05,2511.39990234375,2513.300048828125,2493.39990234375,2493.699951171875,54,Gold,2026-04-04 21:52:15.035739
2024-09-06,2493.5,2517.89990234375,2483.699951171875,2510.300048828125,96,Gold,2026-04-04 21:52:15.035739
2024-09-09,2501.800048828125,2504.699951171875,2491.300048828125,2491.300048828125,96,Gold,2026-04-04 21:52:15.035739
2024-09-10,2512.300048828125,2512.300048828125,2512.300048828125,2512.300048828125,5,Gold,2026-04-04 21:52:15.035739
2024-09-11,2512.10009765625,2525.800048828125,2502.300048828125,2525.800048828125,90,Gold,2026-04-04 21:52:15.035739
2024-09-12,2551.199951171875,2557.0,2523.39990234375,2529.10009765625,132,Gold,2026-04-04 21:52:15.035739
2024-09-13,2581.300048828125,2581.800048828125,2565.0,2568.800048828125,31,Gold,2026-04-04 21:52:15.035739
2024-09-16,2580.39990234375,2580.39990234375,2580.39990234375,2580.39990234375,28,Gold,2026-04-04 21:52:15.035739
2024-09-17,2564.300048828125,2581.800048828125,2564.300048828125,2581.199951171875,22,Gold,2026-04-04 21:52:15.035739
2024-09-18,2570.699951171875,2570.699951171875,2549.199951171875,2570.699951171875,25,Gold,2026-04-04 21:52:15.035739
2024-09-19,2588.0,2588.0,2566.0,2566.0,99,Gold,2026-04-04 21:52:15.035739
2024-09-20,2619.89990234375,2621.800048828125,2590.39990234375,2590.39990234375,17,Gold,2026-04-04 21:52:15.035739
2024-09-23,2626.5,2626.5,2626.5,2626.5,9,Gold,2026-04-04 21:52:15.035739
2024-09-24,2651.199951171875,2662.300048828125,2625.5,2636.800048828125,35,Gold,2026-04-04 21:52:15.035739
2024-09-25,2659.199951171875,2664.199951171875,2649.300048828125,2656.300048828125,175,Gold,2026-04-04 21:52:15.035739
2024-09-26,2669.89990234375,2669.89990234375,2660.800048828125,2662.300048828125,17216,Gold,2026-04-04 21:52:15.035739
2024-09-27,2644.300048828125,2672.10009765625,2641.699951171875,2670.0,4228,Gold,2026-04-04 21:52:15.035739
2024-09-30,2636.10009765625,2662.10009765625,2623.199951171875,2660.89990234375,973,Gold,2026-04-04 21:52:15.035739
2024-10-01,2667.300048828125,2670.89990234375,2631.39990234375,2631.39990234375,153,Gold,2026-04-04 21:52:15.035739
2024-10-02,2647.10009765625,2657.199951171875,2640.0,2650.60009765625,72,Gold,2026-04-04 21:52:15.035739
2024-10-03,2657.10009765625,2657.10009765625,2640.0,2642.800048828125,354,Gold,2026-04-04 21:52:15.035739
2024-10-04,2645.800048828125,2667.0,2639.0,2656.0,114,Gold,2026-04-04 21:52:15.035739
2024-10-07,2644.800048828125,2657.39990234375,2639.0,2648.699951171875,284,Gold,2026-04-04 21:52:15.035739
2024-10-08,2615.0,2639.0,2609.300048828125,2639.0,687,Gold,2026-04-04 21:52:15.035739
2024-10-09,2606.0,2607.699951171875,2603.0,2603.0,152,Gold,2026-04-04 21:52:15.035739
2024-10-10,2620.60009765625,2628.300048828125,2602.5,2602.5,320,Gold,2026-04-04 21:52:15.035739
2024-10-11,2657.60009765625,2658.10009765625,2638.199951171875,2638.300048828125,12,Gold,2026-04-04 21:52:15.035739
2024-10-14,2647.800048828125,2655.300048828125,2647.800048828125,2655.0,40,Gold,2026-04-04 21:52:15.035739
2024-10-15,2661.39990234375,2661.39990234375,2661.39990234375,2661.39990234375,39,Gold,2026-04-04 21:52:15.035739
2024-10-16,2674.0,2674.0,2674.0,2674.0,6,Gold,2026-04-04 21:52:15.035739
2024-10-17,2691.0,2691.699951171875,2677.199951171875,2677.39990234375,30,Gold,2026-04-04 21:52:15.035739
2024-10-18,2713.699951171875,2719.60009765625,2713.699951171875,2713.699951171875,29,Gold,2026-04-04 21:52:15.035739
2024-10-21,2723.10009765625,2738.39990234375,2719.5,2721.89990234375,52,Gold,2026-04-04 21:52:15.035739
2024-10-22,2744.199951171875,2746.0,2728.60009765625,2731.699951171875,93,Gold,2026-04-04 21:52:15.035739
2024-10-23,2714.39990234375,2742.5,2714.199951171875,2742.5,18,Gold,2026-04-04 21:52:15.035739
2024-10-24,2734.89990234375,2736.10009765625,2729.0,2729.0,27,Gold,2026-04-04 21:52:15.035739
2024-10-25,2740.89990234375,2742.39990234375,2725.5,2725.5,29,Gold,2026-04-04 21:52:15.035739
2024-10-28,2742.89990234375,2742.89990234375,2729.5,2736.10009765625,56,Gold,2026-04-04 21:52:15.035739
2024-10-29,2768.39990234375,2768.39990234375,2768.39990234375,2768.39990234375,848,Gold,2026-04-04 21:52:15.035739
2024-10-30,2788.5,2789.0,2774.60009765625,2774.60009765625,231,Gold,2026-04-04 21:52:15.035739
2024-10-31,2738.300048828125,2787.5,2733.5,2787.39990234375,849,Gold,2026-04-04 21:52:15.035739
2024-11-01,2738.60009765625,2756.0,2734.199951171875,2745.5,109,Gold,2026-04-04 21:52:15.035739
2024-11-04,2736.10009765625,2737.10009765625,2736.10009765625,2736.5,16,Gold,2026-04-04 21:52:15.035739
2024-11-05,2740.300048828125,2743.89990234375,2740.300048828125,2743.0,23,Gold,2026-04-04 21:52:15.035739
2024-11-06,2667.60009765625,2734.5,2659.39990234375,2734.5,427,Gold,2026-04-04 21:52:15.035739
2024-11-07,2698.39990234375,2699.10009765625,2662.5,2662.5,676,Gold,2026-04-04 21:52:15.035739
2024-11-08,2687.5,2694.60009765625,2682.89990234375,2688.5,1038,Gold,2026-04-04 21:52:15.035739
2024-11-11,2611.199951171875,2671.699951171875,2611.199951171875,2671.699951171875,20,Gold,2026-04-04 21:52:15.035739
2024-11-12,2600.0,2605.5,2592.800048828125,2605.5,118,Gold,2026-04-04 21:52:15.035739
2024-11-13,2580.800048828125,2611.800048828125,2580.800048828125,2611.10009765625,53,Gold,2026-04-04 21:52:15.035739
2024-11-14,2568.199951171875,2576.199951171875,2554.199951171875,2555.10009765625,27,Gold,2026-04-04 21:52:15.035739
2024-11-15,2565.699951171875,2565.699951171875,2565.699951171875,2565.699951171875,20,Gold,2026-04-04 21:52:15.035739
2024-11-18,2610.60009765625,2610.699951171875,2589.39990234375,2591.699951171875,136,Gold,2026-04-04 21:52:15.035739
2024-11-19,2627.10009765625,2627.699951171875,2619.300048828125,2621.89990234375,87,Gold,2026-04-04 21:52:15.035739
2024-11-20,2648.199951171875,2648.199951171875,2638.5,2638.5,27,Gold,2026-04-04 21:52:15.035739
2024-11-21,2672.10009765625,2672.10009765625,2655.699951171875,2659.300048828125,33,Gold,2026-04-04 21:52:15.035739
2024-11-22,2709.89990234375,2710.5,2685.60009765625,2687.5,41,Gold,2026-04-04 21:52:15.035739
2024-11-25,2616.800048828125,2689.39990234375,2616.800048828125,2689.39990234375,94,Gold,2026-04-04 21:52:15.035739
2024-11-26,2620.300048828125,2625.60009765625,2620.300048828125,2625.60009765625,177858,Gold,2026-04-04 21:52:15.035739
2024-11-27,2639.89990234375,2657.89990234375,2627.199951171875,2633.5,61653,Gold,2026-04-04 21:52:15.035739
2024-11-29,2657.0,2664.300048828125,2620.699951171875,2636.39990234375,3861,Gold,2026-04-04 21:52:15.035739
2024-12-02,2634.89990234375,2649.800048828125,2621.699951171875,2649.0,695,Gold,2026-04-04 21:52:15.035739
2024-12-03,2644.699951171875,2654.699951171875,2636.0,2639.0,1062,Gold,2026-04-04 21:52:15.035739
2024-12-04,2653.800048828125,2658.300048828125,2637.0,2639.199951171875,249,Gold,2026-04-04 21:52:15.035739
2024-12-05,2626.60009765625,2655.0,2625.699951171875,2652.39990234375,573,Gold,2026-04-04 21:52:15.035739
2024-12-06,2638.60009765625,2643.10009765625,2617.5,2620.199951171875,571,Gold,2026-04-04 21:52:15.035739
2024-12-09,2664.89990234375,2677.10009765625,2630.800048828125,2632.10009765625,935,Gold,2026-04-04 21:52:15.035739
2024-12-10,2697.60009765625,2698.199951171875,2661.0,2662.300048828125,437,Gold,2026-04-04 21:52:15.035739
2024-12-11,2733.800048828125,2733.800048828125,2693.10009765625,2701.800048828125,3387,Gold,2026-04-04 21:52:15.035739
2024-12-12,2687.5,2725.10009765625,2677.39990234375,2725.10009765625,2365,Gold,2026-04-04 21:52:15.035739
2024-12-13,2656.0,2689.300048828125,2647.89990234375,2688.199951171875,1125,Gold,2026-04-04 21:52:15.035739
2024-12-16,2651.39990234375,2663.300048828125,2651.0,2658.300048828125,877,Gold,2026-04-04 21:52:15.035739
2024-12-17,2644.39990234375,2652.300048828125,2632.5,2651.800048828125,705,Gold,2026-04-04 21:52:15.035739
2024-12-18,2636.5,2647.10009765625,2590.199951171875,2644.300048828125,566,Gold,2026-04-04 21:52:15.035739
2024-12-19,2592.199951171875,2610.300048828125,2582.10009765625,2582.10009765625,238,Gold,2026-04-04 21:52:15.035739
2024-12-20,2628.699951171875,2631.60009765625,2604.89990234375,2605.300048828125,592,Gold,2026-04-04 21:52:15.035739
2024-12-23,2612.300048828125,2627.699951171875,2611.10009765625,2620.0,451,Gold,2026-04-04 21:52:15.035739
2024-12-24,2620.0,2620.0,2609.5,2613.0,35,Gold,2026-04-04 21:52:15.035739
2024-12-26,2638.800048828125,2638.800048828125,2627.89990234375,2628.5,84,Gold,2026-04-04 21:52:15.035739
2024-12-27,2617.199951171875,2617.699951171875,2616.39990234375,2617.699951171875,642,Gold,2026-04-04 21:52:15.035739
2024-12-30,2606.10009765625,2626.89990234375,2597.0,2620.699951171875,794,Gold,2026-04-04 21:52:15.035739
2024-12-31,2629.199951171875,2629.199951171875,2604.89990234375,2608.39990234375,401,Gold,2026-04-04 21:52:15.035739
2025-01-02,2658.89990234375,2663.10009765625,2633.0,2633.0,1728,Gold,2026-04-04 21:52:15.035739
2025-01-03,2645.0,2658.699951171875,2641.800048828125,2658.699951171875,591,Gold,2026-04-04 21:52:15.035739
2025-01-06,2638.39990234375,2647.0,2617.300048828125,2645.5,960,Gold,2026-04-04 21:52:15.035739
2025-01-07,2656.699951171875,2657.5,2653.0,2653.39990234375,643,Gold,2026-04-04 21:52:15.035739
2025-01-08,2664.5,2676.89990234375,2653.5,2655.5,999,Gold,2026-04-04 21:52:15.035739
2025-01-09,2683.800048828125,2686.300048828125,2667.89990234375,2669.699951171875,1139,Gold,2026-04-04 21:52:15.035739
2025-01-10,2708.5,2720.10009765625,2683.699951171875,2686.10009765625,403,Gold,2026-04-04 21:52:15.035739
2025-01-13,2673.5,2711.199951171875,2673.5,2711.10009765625,765,Gold,2026-04-04 21:52:15.035739
2025-01-14,2677.5,2688.300048828125,2670.800048828125,2673.60009765625,794,Gold,2026-04-04 21:52:15.035739
2025-01-15,2712.5,2712.5,2690.800048828125,2690.800048828125,930,Gold,2026-04-04 21:52:15.035739
2025-01-16,2746.39990234375,2749.800048828125,2731.699951171875,2731.699951171875,1721,Gold,2026-04-04 21:52:15.035739
2025-01-17,2744.300048828125,2751.60009765625,2725.5,2736.0,1214,Gold,2026-04-04 21:52:15.035739
2025-01-21,2755.0,2755.0,2724.800048828125,2746.0,1439,Gold,2026-04-04 21:52:15.035739
2025-01-22,2767.60009765625,2768.800048828125,2753.5,2754.5,2079,Gold,2026-04-04 21:52:15.035739
2025-01-23,2763.10009765625,2765.0,2745.39990234375,2760.0,2201,Gold,2026-04-04 21:52:15.035739
2025-01-24,2777.300048828125,2792.0,2759.800048828125,2759.800048828125,1593,Gold,2026-04-04 21:52:15.035739
2025-01-27,2737.5,2762.199951171875,2737.5,2761.10009765625,984,Gold,2026-04-04 21:52:15.035739
2025-01-28,2766.800048828125,2766.800048828125,2738.0,2738.0,2307,Gold,2026-04-04 21:52:15.035739
2025-01-29,2769.10009765625,2769.10009765625,2769.10009765625,2769.10009765625,125692,Gold,2026-04-04 21:52:15.035739
2025-01-30,2823.0,2829.5,2770.0,2772.5,40141,Gold,2026-04-04 21:52:15.035739
2025-01-31,2812.5,2838.0,2804.0,2829.0,3443,Gold,2026-04-04 21:52:15.035739
2025-02-03,2833.89990234375,2848.39990234375,2780.89990234375,2818.199951171875,2649,Gold,2026-04-04 21:52:15.035739
2025-02-04,2853.300048828125,2853.300048828125,2816.10009765625,2827.60009765625,2187,Gold,2026-04-04 21:52:15.035739
2025-02-05,2871.60009765625,2880.5,2848.0,2850.0,4519,Gold,2026-04-04 21:52:15.035739
2025-02-06,2856.0,2871.699951171875,2836.300048828125,2865.199951171875,3116,Gold,2026-04-04 21:52:15.035739
2025-02-07,2867.300048828125,2889.5,2857.800048828125,2859.89990234375,1822,Gold,2026-04-04 21:52:15.035739
2025-02-10,2914.300048828125,2916.10009765625,2863.800048828125,2864.199951171875,2237,Gold,2026-04-04 21:52:15.035739
2025-02-11,2912.5,2945.39990234375,2890.0,2925.5,2554,Gold,2026-04-04 21:52:15.035739
2025-02-12,2909.0,2912.300048828125,2868.60009765625,2902.0,2504,Gold,2026-04-04 21:52:15.035739
2025-02-13,2925.89990234375,2937.699951171875,2910.60009765625,2911.300048828125,4670,Gold,2026-04-04 21:52:15.035739
2025-02-14,2883.60009765625,2944.39990234375,2874.800048828125,2937.300048828125,1992,Gold,2026-04-04 21:52:15.035739
2025-02-18,2931.60009765625,2936.39990234375,2873.800048828125,2879.199951171875,4010,Gold,2026-04-04 21:52:15.035739
2025-02-19,2919.39990234375,2946.0,2917.10009765625,2938.699951171875,2630,Gold,2026-04-04 21:52:15.035739
2025-02-20,2940.0,2955.800048828125,2924.199951171875,2949.10009765625,656,Gold,2026-04-04 21:52:15.035739
2025-02-21,2937.60009765625,2940.0,2917.300048828125,2938.800048828125,570,Gold,2026-04-04 21:52:15.035739
2025-02-24,2947.89990234375,2957.89990234375,2933.10009765625,2933.10009765625,415,Gold,2026-04-04 21:52:15.035739
2025-02-25,2904.5,2943.199951171875,2890.0,2938.699951171875,1854,Gold,2026-04-04 21:52:15.035739
2025-02-26,2916.800048828125,2917.0,2913.0,2913.5,2050,Gold,2026-04-04 21:52:15.035739
2025-02-27,2883.199951171875,2922.800048828125,2870.39990234375,2918.5,3215,Gold,2026-04-04 21:52:15.035739
2025-02-28,2836.800048828125,2877.10009765625,2834.10009765625,2877.10009765625,990,Gold,2026-04-04 21:52:15.035739
2025-03-03,2890.199951171875,2891.800048828125,2863.39990234375,2872.699951171875,423,Gold,2026-04-04 21:52:15.035739
2025-03-04,2909.60009765625,2927.89990234375,2886.10009765625,2886.10009765625,885,Gold,2026-04-04 21:52:15.035739
2025-03-05,2915.300048828125,2922.0,2893.0,2916.699951171875,551,Gold,2026-04-04 21:52:15.035739
2025-03-06,2916.60009765625,2918.60009765625,2903.800048828125,2904.0,870,Gold,2026-04-04 21:52:15.035739
2025-03-07,2904.699951171875,2927.300048828125,2900.5,2900.89990234375,531,Gold,2026-04-04 21:52:15.035739
2025-03-10,2891.0,2915.10009765625,2880.199951171875,2910.10009765625,55,Gold,2026-04-04 21:52:15.035739
2025-03-11,2912.89990234375,2916.699951171875,2880.39990234375,2884.39990234375,197,Gold,2026-04-04 21:52:15.035739
2025-03-12,2939.10009765625,2939.10009765625,2910.0,2912.0,213,Gold,2026-04-04 21:52:15.035739
2025-03-13,2984.300048828125,2988.0,2935.199951171875,2937.10009765625,2366,Gold,2026-04-04 21:52:15.035739
2025-03-14,2994.5,3004.800048828125,2986.0,2994.39990234375,1800,Gold,2026-04-04 21:52:15.035739
2025-03-17,3000.0,3001.5,2989.0,2991.0,214,Gold,2026-04-04 21:52:15.035739
2025-03-18,3035.10009765625,3039.199951171875,3004.39990234375,3006.39990234375,428,Gold,2026-04-04 21:52:15.035739
2025-03-19,3035.89990234375,3050.89990234375,3030.89990234375,3035.199951171875,175,Gold,2026-04-04 21:52:15.035739
2025-03-20,3040.0,3047.300048828125,3034.39990234375,3047.300048828125,185,Gold,2026-04-04 21:52:15.035739
2025-03-21,3018.199951171875,3037.5,3000.89990234375,3034.5,151,Gold,2026-04-04 21:52:15.035739
2025-03-24,3013.10009765625,3024.300048828125,3006.0,3024.300048828125,137,Gold,2026-04-04 21:52:15.035739
2025-03-25,3023.699951171875,3028.800048828125,3023.699951171875,3026.39990234375,74,Gold,2026-04-04 21:52:15.035739
2025-03-26,3020.89990234375,3033.199951171875,3019.5,3033.199951171875,83,Gold,2026-04-04 21:52:15.035739
2025-03-27,3060.199951171875,3065.0,3025.5,3025.5,124359,Gold,2026-04-04 21:52:15.035739
2025-03-28,3086.5,3094.89990234375,3066.800048828125,3069.699951171875,31206,Gold,2026-04-04 21:52:15.035739
2025-03-31,3122.800048828125,3132.5,3086.0,3091.0,3438,Gold,2026-04-04 21:52:15.035739
2025-04-01,3118.89990234375,3149.5,3104.0,3129.699951171875,1721,Gold,2026-04-04 21:52:15.035739
2025-04-02,3139.89990234375,3168.60009765625,3117.39990234375,3120.699951171875,5946,Gold,2026-04-04 21:52:15.035739
2025-04-03,3097.0,3166.89990234375,3052.0,3150.0,5516,Gold,2026-04-04 21:52:15.035739
2025-04-04,3012.0,3127.699951171875,3011.0,3110.5,3247,Gold,2026-04-04 21:52:15.035739
2025-04-07,2951.300048828125,3050.800048828125,2949.699951171875,3016.39990234375,4424,Gold,2026-04-04 21:52:15.035739
2025-04-08,2968.39990234375,3014.5,2968.39990234375,2994.0,3213,Gold,2026-04-04 21:52:15.035739
2025-04-09,3056.5,3090.39990234375,2965.800048828125,2965.800048828125,2175,Gold,2026-04-04 21:52:15.035739
2025-04-10,3155.199951171875,3167.0,3072.10009765625,3073.89990234375,3456,Gold,2026-04-04 21:52:15.035739
2025-04-11,3222.199951171875,3235.0,3182.10009765625,3182.10009765625,862,Gold,2026-04-04 21:52:15.035739
2025-04-14,3204.800048828125,3228.800048828125,3194.5,3215.5,263,Gold,2026-04-04 21:52:15.035739
2025-04-15,3218.699951171875,3218.699951171875,3214.0,3216.0,390,Gold,2026-04-04 21:52:15.035739
2025-04-16,3326.60009765625,3334.89990234375,3238.300048828125,3238.300048828125,1874,Gold,2026-04-04 21:52:15.035739
2025-04-17,3308.699951171875,3345.0,3287.800048828125,3345.0,824,Gold,2026-04-04 21:52:15.035739
2025-04-21,3406.199951171875,3418.5,3342.199951171875,3342.199951171875,78,Gold,2026-04-04 21:52:15.035739
2025-04-22,3400.800048828125,3485.60009765625,3361.699951171875,3422.199951171875,785,Gold,2026-04-04 21:52:15.035739
2025-04-23,3276.300048828125,3370.300048828125,3256.199951171875,3321.199951171875,331,Gold,2026-04-04 21:52:15.035739
2025-04-24,3332.0,3353.89990234375,3304.89990234375,3305.39990234375,560,Gold,2026-04-04 21:52:15.035739
2025-04-25,3282.39990234375,3355.5,3266.10009765625,3355.5,162,Gold,2026-04-04 21:52:15.035739
2025-04-28,3332.5,3332.5,3284.5,3284.5,1300,Gold,2026-04-04 21:52:15.035739
2025-04-29,3318.800048828125,3340.0,3299.89990234375,3340.0,1278,Gold,2026-04-04 21:52:15.035739
2025-04-30,3305.0,3318.699951171875,3268.0,3318.699951171875,207,Gold,2026-04-04 21:52:15.035739
2025-05-01,3210.0,3275.0,3198.60009765625,3272.89990234375,2131,Gold,2026-04-04 21:52:15.035739
2025-05-02,3231.89990234375,3257.0,3225.0,3239.89990234375,1349,Gold,2026-04-04 21:52:15.035739
2025-05-05,3311.300048828125,3315.699951171875,3239.699951171875,3242.699951171875,244,Gold,2026-04-04 21:52:15.035739
2025-05-06,3411.39990234375,3430.89990234375,3356.800048828125,3365.5,2357,Gold,2026-04-04 21:52:15.035739
2025-05-07,3381.39990234375,3418.699951171875,3364.699951171875,3418.699951171875,1080,Gold,2026-04-04 21:52:15.035739
2025-05-08,3296.60009765625,3390.0,3288.699951171875,3390.0,200,Gold,2026-04-04 21:52:15.035739
2025-05-09,3335.39990234375,3335.5,3299.0,3299.0,216,Gold,2026-04-04 21:52:15.035739
2025-05-12,3220.0,3300.699951171875,3205.0,3300.699951171875,886,Gold,2026-04-04 21:52:15.035739
2025-05-13,3240.300048828125,3251.39990234375,3223.5,3232.0,2424,Gold,2026-04-04 21:52:15.035739
2025-05-14,3181.39990234375,3233.0,3171.699951171875,3233.0,3518,Gold,2026-04-04 21:52:15.035739
2025-05-15,3220.699951171875,3228.10009765625,3125.0,3151.0,652,Gold,2026-04-04 21:52:15.035739
2025-05-16,3182.0,3228.10009765625,3173.89990234375,3227.699951171875,199,Gold,2026-04-04 21:52:15.035739
2025-05-19,3228.89990234375,3241.0,3228.300048828125,3234.39990234375,266,Gold,2026-04-04 21:52:15.035739
2025-05-20,3280.300048828125,3293.199951171875,3207.5,3219.0,356,Gold,2026-04-04 21:52:15.035739
2025-05-21,3309.300048828125,3317.5,3290.199951171875,3293.39990234375,979,Gold,2026-04-04 21:52:15.035739
2025-05-22,3292.300048828125,3328.0,3282.699951171875,3327.300048828125,1210,Gold,2026-04-04 21:52:15.035739
2025-05-23,3363.60009765625,3363.60009765625,3323.5,3328.0,47,Gold,2026-04-04 21:52:15.035739
2025-05-27,3299.10009765625,3341.0,3296.300048828125,3332.5,189,Gold,2026-04-04 21:52:15.035739
2025-05-28,3293.60009765625,3293.60009765625,3293.60009765625,3293.60009765625,127758,Gold,2026-04-04 21:52:15.035739
2025-05-29,3317.10009765625,3328.800048828125,3242.39990234375,3283.699951171875,24370,Gold,2026-04-04 21:52:15.035739
2025-05-30,3288.89990234375,3318.0,3270.89990234375,3315.10009765625,2213,Gold,2026-04-04 21:52:15.035739
2025-06-02,3370.60009765625,3380.800048828125,3296.89990234375,3296.89990234375,976,Gold,2026-04-04 21:52:15.035739
2025-06-03,3350.199951171875,3390.0,3331.300048828125,3385.10009765625,6410,Gold,2026-04-04 21:52:15.035739
2025-06-04,3373.5,3380.0,3344.0,3355.0,207,Gold,2026-04-04 21:52:15.035739
2025-06-05,3350.699951171875,3400.0,3343.699951171875,3371.5,731,Gold,2026-04-04 21:52:15.035739
2025-06-06,3322.699951171875,3364.300048828125,3306.0,3364.300048828125,81,Gold,2026-04-04 21:52:15.035739
2025-06-09,3332.10009765625,3334.60009765625,3290.0,3315.60009765625,1887,Gold,2026-04-04 21:52:15.035739
2025-06-10,3320.89990234375,3344.300048828125,3302.0,3302.0,65,Gold,2026-04-04 21:52:15.035739
2025-06-11,3321.300048828125,3356.0,3321.300048828125,3328.0,2106,Gold,2026-04-04 21:52:15.035739
2025-06-12,3380.89990234375,3395.89990234375,3353.39990234375,3363.0,1818,Gold,2026-04-04 21:52:15.035739
2025-06-13,3431.199951171875,3444.0,3407.300048828125,3407.300048828125,499,Gold,2026-04-04 21:52:15.035739
2025-06-16,3396.39990234375,3442.0,3385.39990234375,3442.0,480,Gold,2026-04-04 21:52:15.035739
2025-06-17,3386.60009765625,3398.300048828125,3376.10009765625,3398.300048828125,1477,Gold,2026-04-04 21:52:15.035739
2025-06-18,3389.800048828125,3391.89990234375,3365.10009765625,3385.300048828125,0,Gold,2026-04-04 21:52:15.035739
2025-06-20,3368.10009765625,3372.89990234375,3341.0,3350.0,709,Gold,2026-04-04 21:52:15.035739
2025-06-23,3377.699951171875,3387.89990234375,3350.0,3365.89990234375,30,Gold,2026-04-04 21:52:15.035739
2025-06-24,3317.39990234375,3358.0,3301.0,3358.0,538,Gold,2026-04-04 21:52:15.035739
2025-06-25,3327.10009765625,3331.199951171875,3310.60009765625,3321.60009765625,373,Gold,2026-04-04 21:52:15.035739
2025-06-26,3333.5,3333.5,3332.39990234375,3332.39990234375,2058,Gold,2026-04-04 21:52:15.035739
2025-06-27,3273.699951171875,3318.699951171875,3253.800048828125,3318.699951171875,284,Gold,2026-04-04 21:52:15.035739
2025-06-30,3294.39990234375,3306.89990234375,3262.0,3265.89990234375,1242,Gold,2026-04-04 21:52:15.035739
2025-07-01,3336.699951171875,3354.10009765625,3310.10009765625,3310.10009765625,371,Gold,2026-04-04 21:52:15.035739
2025-07-02,3348.0,3357.5,3329.0,3329.0,39,Gold,2026-04-04 21:52:15.035739
2025-07-03,3331.60009765625,3362.0,3322.300048828125,3362.0,0,Gold,2026-04-04 21:52:15.035739
2025-07-04,3332.5,3342.0,3332.5,3342.0,0,Gold,2026-04-04 21:52:15.035739
2025-07-07,3332.199951171875,3333.300048828125,3299.199951171875,3305.5,254,Gold,2026-04-04 21:52:15.035739
2025-07-08,3307.0,3334.5,3287.60009765625,3330.39990234375,909,Gold,2026-04-04 21:52:15.035739
2025-07-09,3311.60009765625,3314.0,3282.0,3289.39990234375,114,Gold,2026-04-04 21:52:15.035739
2025-07-10,3317.39990234375,3330.5,3311.60009765625,3323.60009765625,209,Gold,2026-04-04 21:52:15.035739
2025-07-11,3356.0,3370.0,3330.5,3330.5,776,Gold,2026-04-04 21:52:15.035739
2025-07-14,3351.5,3375.5,3350.0,3367.0,583,Gold,2026-04-04 21:52:15.035739
2025-07-15,3329.800048828125,3341.0,3329.800048828125,3341.0,210,Gold,2026-04-04 21:52:15.035739
2025-07-16,3352.5,3352.89990234375,3329.5,3341.199951171875,10,Gold,2026-04-04 21:52:15.035739
2025-07-17,3340.10009765625,3340.800048828125,3313.800048828125,3313.800048828125,667,Gold,2026-04-04 21:52:15.035739
2025-07-18,3353.0,3353.0,3338.199951171875,3338.199951171875,602,Gold,2026-04-04 21:52:15.035739
2025-07-21,3401.89990234375,3411.699951171875,3350.300048828125,3350.300048828125,53,Gold,2026-04-04 21:52:15.035739
2025-07-22,3439.199951171875,3441.0,3395.60009765625,3411.0,39,Gold,2026-04-04 21:52:15.035739
2025-07-23,3394.10009765625,3433.89990234375,3388.10009765625,3430.300048828125,63,Gold,2026-04-04 21:52:15.035739
2025-07-24,3371.0,3371.0,3367.0,3367.0,1175,Gold,2026-04-04 21:52:15.035739
2025-07-25,3334.0,3345.0,3326.5,3344.0,67,Gold,2026-04-04 21:52:15.035739
2025-07-28,3309.10009765625,3326.800048828125,3309.10009765625,3326.60009765625,533,Gold,2026-04-04 21:52:15.035739
2025-07-29,3323.39990234375,3323.39990234375,3323.39990234375,3323.39990234375,113144,Gold,2026-04-04 21:52:15.035739
2025-07-30,3295.800048828125,3331.800048828125,3263.89990234375,3325.800048828125,19252,Gold,2026-04-04 21:52:15.035739
2025-07-31,3293.199951171875,3312.0,3272.89990234375,3272.89990234375,3704,Gold,2026-04-04 21:52:15.035739
2025-08-01,3347.699951171875,3360.60009765625,3281.0,3286.199951171875,3420,Gold,2026-04-04 21:52:15.035739
2025-08-04,3374.39990234375,3386.5,3347.39990234375,3367.60009765625,351,Gold,2026-04-04 21:52:15.035739
2025-08-05,3381.89990234375,3387.199951171875,3351.199951171875,3378.5,915,Gold,2026-04-04 21:52:15.035739
2025-08-06,3380.0,3383.300048828125,3361.300048828125,3380.699951171875,1492,Gold,2026-04-04 21:52:15.035739
2025-08-07,3400.300048828125,3422.89990234375,3384.89990234375,3384.89990234375,5464,Gold,2026-04-04 21:52:15.035739
2025-08-08,3439.10009765625,3477.0,3402.5,3438.800048828125,7657,Gold,2026-04-04 21:52:15.035739
2025-08-11,3353.10009765625,3383.89990234375,3349.199951171875,3383.89990234375,1488,Gold,2026-04-04 21:52:15.035739
2025-08-12,3348.89990234375,3356.199951171875,3330.10009765625,3356.199951171875,1611,Gold,2026-04-04 21:52:15.035739
2025-08-13,3358.699951171875,3363.39990234375,3358.699951171875,3358.800048828125,1011,Gold,2026-04-04 21:52:15.035739
2025-08-14,3335.199951171875,3356.0,3328.89990234375,3346.800048828125,592,Gold,2026-04-04 21:52:15.035739
2025-08-15,3336.0,3346.800048828125,3335.89990234375,3346.800048828125,1185,Gold,2026-04-04 21:52:15.035739
2025-08-18,3331.699951171875,3347.800048828125,3331.699951171875,3333.5,646,Gold,2026-04-04 21:52:15.035739
2025-08-19,3313.39990234375,3343.5,3313.39990234375,3330.199951171875,1655,Gold,2026-04-04 21:52:15.035739
2025-08-20,3343.39990234375,3343.5,3310.10009765625,3310.60009765625,1213,Gold,2026-04-04 21:52:15.035739
2025-08-21,3336.89990234375,3349.39990234375,3326.5,3349.39990234375,142,Gold,2026-04-04 21:52:15.035739
2025-08-22,3374.39990234375,3377.699951171875,3349.39990234375,3349.39990234375,1240,Gold,2026-04-04 21:52:15.035739
2025-08-25,3373.800048828125,3378.0,3366.0,3366.0,1044,Gold,2026-04-04 21:52:15.035739
2025-08-26,3388.60009765625,3396.5,3371.10009765625,3378.89990234375,905,Gold,2026-04-04 21:52:15.035739
2025-08-27,3404.60009765625,3404.60009765625,3382.0,3397.0,3222,Gold,2026-04-04 21:52:15.035739
2025-08-28,3431.800048828125,3434.60009765625,3400.0,3409.0,1035,Gold,2026-04-04 21:52:15.035739
2025-08-29,3473.699951171875,3475.60009765625,3426.60009765625,3432.5,0,Gold,2026-04-04 21:52:15.035739
2025-09-02,3549.39990234375,3559.199951171875,3485.699951171875,3485.699951171875,658,Gold,2026-04-04 21:52:15.035739
2025-09-03,3593.199951171875,3593.699951171875,3553.199951171875,3554.800048828125,72,Gold,2026-04-04 21:52:15.035739
2025-09-04,3565.800048828125,3573.60009765625,3549.89990234375,3549.89990234375,237,Gold,2026-04-04 21:52:15.035739
2025-09-05,3613.199951171875,3613.199951171875,3567.800048828125,3567.800048828125,925,Gold,2026-04-04 21:52:15.035739
2025-09-08,3638.10009765625,3641.0,3590.0,3594.5,97,Gold,2026-04-04 21:52:15.035739
2025-09-09,3643.300048828125,3670.39990234375,3627.800048828125,3647.10009765625,535,Gold,2026-04-04 21:52:15.035739
2025-09-10,3643.60009765625,3655.39990234375,3620.800048828125,3625.0,136,Gold,2026-04-04 21:52:15.035739
2025-09-11,3636.89990234375,3636.89990234375,3618.39990234375,3632.89990234375,307,Gold,2026-04-04 21:52:15.035739
2025-09-12,3649.39990234375,3656.800048828125,3643.0,3655.5,1300,Gold,2026-04-04 21:52:15.035739
2025-09-15,3682.199951171875,3686.39990234375,3635.10009765625,3640.0,210,Gold,2026-04-04 21:52:15.035739
2025-09-16,3688.89990234375,3698.60009765625,3681.39990234375,3681.39990234375,373,Gold,2026-04-04 21:52:15.035739
2025-09-17,3681.800048828125,3685.199951171875,3661.60009765625,3669.0,183,Gold,2026-04-04 21:52:15.035739
2025-09-18,3643.699951171875,3667.39990234375,3637.0,3654.60009765625,80,Gold,2026-04-04 21:52:15.035739
2025-09-19,3671.5,3685.89990234375,3658.199951171875,3659.0,211,Gold,2026-04-04 21:52:15.035739
2025-09-22,3740.699951171875,3748.199951171875,3688.0,3688.199951171875,410,Gold,2026-04-04 21:52:15.035739
2025-09-23,3780.60009765625,3786.0,3740.0,3747.0,627,Gold,2026-04-04 21:52:15.035739
2025-09-24,3732.10009765625,3772.5,3732.10009765625,3769.800048828125,588,Gold,2026-04-04 21:52:15.035739
2025-09-25,3736.89990234375,3756.0,3724.699951171875,3742.800048828125,1899,Gold,2026-04-04 21:52:15.035739
2025-09-26,3775.300048828125,3775.300048828125,3775.300048828125,3775.300048828125,19308,Gold,2026-04-04 21:52:15.035739
2025-09-29,3820.89990234375,3827.60009765625,3754.800048828125,3754.800048828125,8860,Gold,2026-04-04 21:52:15.035739
2025-09-30,3840.800048828125,3865.5,3793.39990234375,3827.5,1611,Gold,2026-04-04 21:52:15.035739
2025-10-01,3867.5,3891.89990234375,3853.300048828125,3863.5,1778,Gold,2026-04-04 21:52:15.035739
2025-10-02,3839.699951171875,3888.60009765625,3823.699951171875,3856.199951171875,3418,Gold,2026-04-04 21:52:15.035739
2025-10-03,3880.800048828125,3886.800048828125,3853.699951171875,3855.199951171875,392,Gold,2026-04-04 21:52:15.035739
2025-10-06,3948.5,3960.0,3926.800048828125,3931.300048828125,1267,Gold,2026-04-04 21:52:15.035739
2025-10-07,3976.60009765625,3981.5,3940.0,3959.39990234375,2903,Gold,2026-04-04 21:52:15.035739
2025-10-08,4043.300048828125,4049.199951171875,3987.199951171875,3987.199951171875,2179,Gold,2026-04-04 21:52:15.035739
2025-10-09,3946.300048828125,4046.199951171875,3940.0,4011.199951171875,3130,Gold,2026-04-04 21:52:15.035739
2025-10-10,3975.89990234375,4012.0,3945.5,3957.0,1697,Gold,2026-04-04 21:52:15.035739
2025-10-13,4108.60009765625,4111.0,4016.0,4016.0,1697,Gold,2026-04-04 21:52:15.035739
2025-10-14,4138.7001953125,4160.10009765625,4085.800048828125,4131.7001953125,2424,Gold,2026-04-04 21:52:15.035739
2025-10-15,4176.89990234375,4210.60009765625,4145.0,4145.0,3287,Gold,2026-04-04 21:52:15.035739
2025-10-16,4280.2001953125,4307.0,4196.60009765625,4198.7998046875,4705,Gold,2026-04-04 21:52:15.035739
2025-10-17,4189.89990234375,4358.0,4182.2001953125,4354.7001953125,4060,Gold,2026-04-04 21:52:15.035739
2025-10-20,4336.39990234375,4356.60009765625,4214.60009765625,4244.10009765625,1750,Gold,2026-04-04 21:52:15.035739
2025-10-21,4087.699951171875,4332.7001953125,4087.699951171875,4332.7001953125,2943,Gold,2026-04-04 21:52:15.035739
2025-10-22,4044.39990234375,4148.5,4006.0,4109.7001953125,1237,Gold,2026-04-04 21:52:15.035739
2025-10-23,4125.5,4136.7998046875,4070.699951171875,4078.39990234375,354,Gold,2026-04-04 21:52:15.035739
2025-10-24,4118.39990234375,4120.60009765625,4074.89990234375,4117.5,123,Gold,2026-04-04 21:52:15.035739
2025-10-27,4001.89990234375,4078.60009765625,3971.300048828125,4060.0,220,Gold,2026-04-04 21:52:15.035739
2025-10-28,3966.199951171875,3966.199951171875,3923.60009765625,3929.699951171875,219,Gold,2026-04-04 21:52:15.035739
2025-10-29,3983.699951171875,3983.699951171875,3983.699951171875,3983.699951171875,1344,Gold,2026-04-04 21:52:15.035739
2025-10-30,4001.300048828125,4027.199951171875,3913.699951171875,3960.0,935,Gold,2026-04-04 21:52:15.035739
2025-10-31,3982.199951171875,4034.5,3976.60009765625,4034.5,559,Gold,2026-04-04 21:52:15.035739
2025-11-03,4000.300048828125,4020.0,3959.0,3976.199951171875,0,Gold,2026-04-04 21:52:15.035739
2025-11-04,3947.699951171875,3995.39990234375,3927.39990234375,3994.199951171875,657,Gold,2026-04-04 21:52:15.035739
2025-11-05,3980.300048828125,3983.5,3929.89990234375,3929.89990234375,559,Gold,2026-04-04 21:52:15.035739
2025-11-06,3979.89990234375,4007.5,3979.89990234375,4004.0,650,Gold,2026-04-04 21:52:15.035739
2025-11-07,3999.39990234375,3999.39990234375,3980.800048828125,3980.800048828125,245,Gold,2026-04-04 21:52:15.035739
2025-11-10,4111.7998046875,4111.7998046875,4060.0,4060.0,189,Gold,2026-04-04 21:52:15.035739
2025-11-11,4106.7998046875,4140.10009765625,4106.7998046875,4140.10009765625,569,Gold,2026-04-04 21:52:15.035739
2025-11-12,4204.39990234375,4204.39990234375,4102.89990234375,4115.60009765625,396,Gold,2026-04-04 21:52:15.035739
2025-11-13,4186.89990234375,4228.7001953125,4163.7001953125,4228.7001953125,167,Gold,2026-04-04 21:52:15.035739
2025-11-14,4087.60009765625,4197.89990234375,4047.0,4197.7001953125,483,Gold,2026-04-04 21:52:15.035739
2025-11-17,4068.300048828125,4099.5,4019.39990234375,4070.0,1552,Gold,2026-04-04 21:52:15.035739
2025-11-18,4061.300048828125,4063.39990234375,4035.60009765625,4037.39990234375,1375,Gold,2026-04-04 21:52:15.035739
2025-11-19,4077.699951171875,4122.7001953125,4072.0,4086.10009765625,486,Gold,2026-04-04 21:52:15.035739
2025-11-20,4056.5,4090.39990234375,4040.199951171875,4045.0,202,Gold,2026-04-04 21:52:15.035739
2025-11-21,4076.699951171875,4085.199951171875,4031.800048828125,4031.800048828125,171,Gold,2026-04-04 21:52:15.035739
2025-11-24,4091.89990234375,4091.89990234375,4060.5,4060.5,591,Gold,2026-04-04 21:52:15.035739
2025-11-25,4139.2001953125,4139.2001953125,4139.2001953125,4139.2001953125,132704,Gold,2026-04-04 21:52:15.035739
2025-11-26,4165.2001953125,4171.0,4127.5,4128.60009765625,25088,Gold,2026-04-04 21:52:15.035739
2025-11-28,4218.2998046875,4223.89990234375,4140.0,4163.39990234375,3615,Gold,2026-04-04 21:52:15.035739
2025-12-01,4239.2998046875,4262.10009765625,4214.89990234375,4218.5,913,Gold,2026-04-04 21:52:15.035739
2025-12-02,4186.60009765625,4230.5,4167.0,4230.5,366,Gold,2026-04-04 21:52:15.035739
2025-12-03,4199.2998046875,4234.10009765625,4195.7001953125,4215.7001953125,1897,Gold,2026-04-04 21:52:15.035739
2025-12-04,4211.7998046875,4211.7998046875,4175.0,4211.0,616,Gold,2026-04-04 21:52:15.035739
2025-12-05,4212.89990234375,4255.7001953125,4194.5,4204.10009765625,533,Gold,2026-04-04 21:52:15.035739
2025-12-08,4187.2001953125,4215.7998046875,4175.5,4205.5,318,Gold,2026-04-04 21:52:15.035739
2025-12-09,4206.7001953125,4219.7001953125,4177.7001953125,4190.7001953125,660,Gold,2026-04-04 21:52:15.035739
2025-12-10,4196.39990234375,4234.5,4183.60009765625,4209.0,692,Gold,2026-04-04 21:52:15.035739
2025-12-11,4285.5,4286.89990234375,4214.2998046875,4224.0,528,Gold,2026-04-04 21:52:15.035739
2025-12-12,4300.10009765625,4355.0,4260.0,4276.39990234375,1531,Gold,2026-04-04 21:52:15.035739
2025-12-15,4306.7001953125,4349.2001953125,4292.89990234375,4308.2998046875,854,Gold,2026-04-04 21:52:15.035739
2025-12-16,4304.5,4321.39990234375,4270.5,4270.5,1796,Gold,2026-04-04 21:52:15.035739
2025-12-17,4347.5,4351.39990234375,4308.5,4308.5,2169,Gold,2026-04-04 21:52:15.035739
2025-12-18,4339.5,4348.10009765625,4328.2001953125,4331.0,705,Gold,2026-04-04 21:52:15.035739
2025-12-19,4361.39990234375,4361.39990234375,4350.10009765625,4350.10009765625,1065,Gold,2026-04-04 21:52:15.035739
2025-12-22,4444.60009765625,4447.60009765625,4371.10009765625,4371.10009765625,449,Gold,2026-04-04 21:52:15.035739
2025-12-23,4482.7998046875,4503.7998046875,4450.39990234375,4503.2998046875,694,Gold,2026-04-04 21:52:15.035739
2025-12-24,4480.60009765625,4503.39990234375,4468.39990234375,4500.7001953125,500,Gold,2026-04-04 21:52:15.035739
2025-12-26,4529.10009765625,4556.2998046875,4502.0,4512.0,263,Gold,2026-04-04 21:52:15.035739
2025-12-29,4325.10009765625,4379.0,4325.10009765625,4371.5,2044,Gold,2026-04-04 21:52:15.035739
2025-12-30,4370.10009765625,4403.60009765625,4338.0,4346.39990234375,1837,Gold,2026-04-04 21:52:15.035739
2025-12-31,4325.60009765625,4363.7998046875,4285.0,4333.5,785,Gold,2026-04-04 21:52:15.035739
2026-01-02,4314.39990234375,4350.60009765625,4314.39990234375,4350.60009765625,589,Gold,2026-04-04 21:52:15.035739
2026-01-05,4436.89990234375,4443.5,4384.7998046875,4386.7001953125,618,Gold,2026-04-04 21:52:15.035739
2026-01-06,4482.2001953125,4482.2001953125,4449.0,4449.7001953125,459,Gold,2026-04-04 21:52:15.035739
2026-01-07,4449.2998046875,4450.0,4449.2998046875,4450.0,972,Gold,2026-04-04 21:52:15.035739
2026-01-08,4449.7001953125,4461.2998046875,4418.0,4460.2001953125,2423,Gold,2026-04-04 21:52:15.035739
2026-01-09,4490.2998046875,4490.2998046875,4473.0,4473.0,237,Gold,2026-04-04 21:52:15.035739
2026-01-12,4604.2998046875,4620.0,4577.7998046875,4579.10009765625,156,Gold,2026-04-04 21:52:15.035739
2026-01-13,4589.2001953125,4617.10009765625,4578.60009765625,4578.60009765625,239,Gold,2026-04-04 21:52:15.035739
2026-01-14,4626.2998046875,4635.0,4608.2001953125,4610.2998046875,1313,Gold,2026-04-04 21:52:15.035739
2026-01-15,4616.2998046875,4616.2998046875,4612.89990234375,4612.89990234375,4358,Gold,2026-04-04 21:52:15.035739
2026-01-16,4588.39990234375,4608.0,4588.39990234375,4608.0,352,Gold,2026-04-04 21:52:15.035739
2026-01-20,4759.60009765625,4764.0,4661.7998046875,4662.2001953125,175,Gold,2026-04-04 21:52:15.035739
2026-01-21,4831.7998046875,4872.2998046875,4771.5,4863.5,1706,Gold,2026-04-04 21:52:15.035739
2026-01-22,4908.7998046875,4908.7998046875,4791.89990234375,4791.89990234375,1175,Gold,2026-04-04 21:52:15.035739
2026-01-23,4976.2001953125,4976.2001953125,4936.0,4949.60009765625,169,Gold,2026-04-04 21:52:15.035739
2026-01-26,5079.7001953125,5095.60009765625,5052.2001953125,5081.5,180,Gold,2026-04-04 21:52:15.035739
2026-01-27,5079.89990234375,5079.89990234375,5079.89990234375,5079.89990234375,34,Gold,2026-04-04 21:52:15.035739
2026-01-28,5301.60009765625,5301.60009765625,5301.60009765625,5301.60009765625,112054,Gold,2026-04-04 21:52:15.035739
2026-01-29,5318.39990234375,5586.2001953125,5097.5,5415.7001953125,23709,Gold,2026-04-04 21:52:15.035739
2026-01-30,4713.89990234375,5440.5,4700.0,5376.39990234375,8374,Gold,2026-04-04 21:52:15.035739
2026-02-02,4622.5,4855.7998046875,4400.0,4807.7001953125,3588,Gold,2026-04-04 21:52:15.035739
2026-02-03,4903.7001953125,4984.60009765625,4674.2998046875,4680.0,1213,Gold,2026-04-04 21:52:15.035739
2026-02-04,4920.39990234375,5082.2001953125,4897.89990234375,4923.2998046875,3886,Gold,2026-04-04 21:52:15.035739
2026-02-05,4861.39990234375,5012.2998046875,4786.0,5008.7001953125,793,Gold,2026-04-04 21:52:15.035739
2026-02-06,4951.2001953125,4958.5,4655.0,4762.0,1386,Gold,2026-04-04 21:52:15.035739
2026-02-09,5050.89990234375,5065.7001953125,4979.10009765625,5017.39990234375,170,Gold,2026-04-04 21:52:15.035739
2026-02-10,5003.7998046875,5029.0,5002.7001953125,5013.5,281,Gold,2026-04-04 21:52:15.035739
2026-02-11,5071.60009765625,5111.2998046875,5041.2998046875,5049.89990234375,2681,Gold,2026-04-04 21:52:15.035739
2026-02-12,4923.7001953125,5078.10009765625,4892.0,5060.39990234375,484,Gold,2026-04-04 21:52:15.035739
2026-02-13,5022.0,5043.89990234375,4946.2001953125,4953.0,232,Gold,2026-04-04 21:52:15.035739
2026-02-17,4882.89990234375,5020.0,4847.7998046875,5020.0,540,Gold,2026-04-04 21:52:15.035739
2026-02-18,4986.5,4987.0,4869.5,4872.2001953125,544,Gold,2026-04-04 21:52:15.035739
2026-02-19,4975.89990234375,5014.7001953125,4975.89990234375,5014.7001953125,37,Gold,2026-04-04 21:52:15.035739
2026-02-20,5059.2998046875,5072.7001953125,5039.5,5039.5,134,Gold,2026-04-04 21:52:15.035739
2026-02-23,5204.7001953125,5211.60009765625,5120.2998046875,5120.2998046875,779,Gold,2026-04-04 21:52:15.035739
2026-02-24,5155.7998046875,5159.0,5112.7001953125,5158.7998046875,88,Gold,2026-04-04 21:52:15.035739
2026-02-25,5206.39990234375,5206.39990234375,5166.0,5166.0,1772,Gold,2026-04-04 21:52:15.035739
2026-02-26,5176.5,5199.2001953125,5143.89990234375,5177.2001953125,1520,Gold,2026-04-04 21:52:15.035739
2026-02-27,5230.5,5280.0,5176.7001953125,5186.7001953125,354,Gold,2026-04-04 21:52:15.035739
2026-03-02,5294.39990234375,5405.0,5266.2998046875,5346.60009765625,72,Gold,2026-04-04 21:52:15.035739
2026-03-03,5107.39990234375,5303.7998046875,5023.0,5298.7001953125,1776,Gold,2026-04-04 21:52:15.035739
2026-03-04,5120.2001953125,5180.2001953125,5117.2001953125,5130.7001953125,679,Gold,2026-04-04 21:52:15.035739
2026-03-05,5065.2998046875,5169.5,5054.7001953125,5169.5,1701,Gold,2026-04-04 21:52:15.035739
2026-03-06,5146.10009765625,5146.10009765625,5076.10009765625,5121.0,148,Gold,2026-04-04 21:52:15.035739
2026-03-09,5091.5,5160.60009765625,5077.7001953125,5155.0,639,Gold,2026-04-04 21:52:15.035739
2026-03-10,5229.7001953125,5229.7001953125,5137.60009765625,5138.2001953125,4300,Gold,2026-04-04 21:52:15.035739
2026-03-11,5167.39990234375,5191.2998046875,5167.39990234375,5190.7998046875,633,Gold,2026-04-04 21:52:15.035739
2026-03-12,5115.7998046875,5137.2001953125,5115.7998046875,5137.2001953125,410,Gold,2026-04-04 21:52:15.035739
2026-03-13,5052.5,5117.0,5009.5,5089.60009765625,479,Gold,2026-04-04 21:52:15.035739
2026-03-16,4994.0,5010.60009765625,4994.0,5001.60009765625,130,Gold,2026-04-04 21:52:15.035739
2026-03-17,5001.0,5017.60009765625,4994.2001953125,5017.60009765625,239,Gold,2026-04-04 21:52:15.035739
2026-03-18,4889.89990234375,4949.60009765625,4821.7001953125,4949.60009765625,1461,Gold,2026-04-04 21:52:15.035739
2026-03-19,4600.7001953125,4830.2998046875,4554.0,4830.2998046875,627,Gold,2026-04-04 21:52:15.035739
2026-03-20,4570.39990234375,4686.89990234375,4570.39990234375,4686.89990234375,235,Gold,2026-04-04 21:52:15.035739
2026-03-23,4404.10009765625,4480.39990234375,4100.7998046875,4353.0,544,Gold,2026-04-04 21:52:15.035739
2026-03-24,4399.2998046875,4399.2998046875,4325.2001953125,4338.7001953125,378,Gold,2026-04-04 21:52:15.035739
2026-03-25,4549.7998046875,4551.89990234375,4541.7998046875,4549.0,388,Gold,2026-04-04 21:52:15.035739
2026-03-26,4375.5,4443.10009765625,4375.5,4441.5,1070,Gold,2026-04-04 21:52:15.035739
2026-03-27,4492.0,4492.0,4492.0,4492.0,74348,Gold,2026-04-04 21:52:15.035739
2026-03-30,4526.0,4579.10009765625,4413.39990234375,4482.7998046875,10816,Gold,2026-04-04 21:52:15.035739
2026-03-31,4647.60009765625,4684.10009765625,4508.60009765625,4510.0,4264,Gold,2026-04-04 21:52:15.035739
2026-04-01,4783.2001953125,4789.10009765625,4668.0,4668.39990234375,1637,Gold,2026-04-04 21:52:15.035739
2026-04-02,4651.5,4784.39990234375,4558.89990234375,4764.89990234375,1637,Gold,2026-04-04 21:52:15.035739
